<VitisHLS:BurstInfo>
    <burst group="BURST_VERBOSE_PASSED" fe_name="BurstInferredPassed" src_info="" msg_id="214-116" msg_severity="INFO" msg_body="Sequential read of length 3 has been inferred" OldID="bb4.load.7, bb4.load.9, bb4.load.11," ID="filterseq" BundleName="gmem1" VarName="filter" ParentFunc="fpga417_fir" Length="3" Direction="read"/>
    <burst group="BURST_VERBOSE_PASSED" fe_name="BurstInferredPassed" src_info="fpga417_lab4.c:11:19" msg_id="214-116" msg_severity="INFO" msg_body="Sequential read of length 8 has been inferred" OldID="bb3.load.4," ID="dataseq" BundleName="gmem0" VarName="data" LoopLoc="fpga417_lab4.c:11:19" LoopName="VITIS_LOOP_11_1" ParentFunc="fpga417_fir" Length="8" Direction="read"/>
    <burst group="BURST_VERBOSE_PASSED" fe_name="BurstInferredPassed" src_info="fpga417_lab4.c:15:19" msg_id="214-116" msg_severity="INFO" msg_body="Sequential write of length 8 has been inferred" OldID="bb5.store.23," ID="dataseq12" BundleName="gmem0" VarName="data" LoopLoc="fpga417_lab4.c:15:19" LoopName="VITIS_LOOP_15_2" ParentFunc="fpga417_fir" Length="8" Direction="write"/>
    <burst group="BURST_VERBOSE_MISSED" fe_name="GreaterOrEqualThresholdMissed" src_info="fpga417_lab4.c:15:19" msg_id="214-120" msg_severity="INFO" msg_body="Could not widen since the size of type 'i32' is greater than or equal to the max_widen_bitwidth threshold of '0'." ID="dataseq12" BundleName="gmem0" VarName="data" ParentFunc="fpga417_fir"/>
    <burst group="BURST_VERBOSE_MISSED" fe_name="GreaterOrEqualThresholdMissed" src_info="" msg_id="214-120" msg_severity="INFO" msg_body="Could not widen since the size of type 'i32' is greater than or equal to the max_widen_bitwidth threshold of '0'." ID="filterseq" BundleName="gmem1" VarName="filter" ParentFunc="fpga417_fir"/>
    <burst group="BURST_VERBOSE_MISSED" fe_name="GreaterOrEqualThresholdMissed" src_info="fpga417_lab4.c:11:19" msg_id="214-120" msg_severity="INFO" msg_body="Could not widen since the size of type 'i32' is greater than or equal to the max_widen_bitwidth threshold of '0'." ID="dataseq" BundleName="gmem0" VarName="data" ParentFunc="fpga417_fir"/>
    <burst group="BURST_SUMMARY" fe_name="BurstInferredSummaryPassed" src_info="fpga417_lab4.c:11:19" msg_id="214-115" msg_severity="INFO" msg_body="Multiple burst reads of length 8 and bit width 32 in loop 'VITIS_LOOP_11_1' has been inferred on bundle 'gmem0'. These burst requests might be further partitioned into multiple requests during RTL generation, based on max_read_burst_length or max_write_burst_length settings." BundleName="gmem0" LoopLoc="fpga417_lab4.c:11:19" LoopName="VITIS_LOOP_11_1" Length="8" Width="32" Direction="read"/>
    <burst group="BURST_SUMMARY" fe_name="BurstInferredSummaryPassed" src_info="" msg_id="214-115" msg_severity="INFO" msg_body="Multiple burst reads of length 3 and bit width 32 has been inferred on bundle 'gmem1'. These burst requests might be further partitioned into multiple requests during RTL generation, based on max_read_burst_length or max_write_burst_length settings." BundleName="gmem1" Length="3" Width="32" Direction="read"/>
    <burst group="BURST_SUMMARY" fe_name="BurstInferredSummaryPassed" src_info="fpga417_lab4.c:15:19" msg_id="214-115" msg_severity="INFO" msg_body="Multiple burst writes of length 8 and bit width 32 in loop 'VITIS_LOOP_15_2' has been inferred on bundle 'gmem0'. These burst requests might be further partitioned into multiple requests during RTL generation, based on max_read_burst_length or max_write_burst_length settings." BundleName="gmem0" LoopLoc="fpga417_lab4.c:15:19" LoopName="VITIS_LOOP_15_2" Length="8" Width="32" Direction="write"/>
</VitisHLS:BurstInfo>

