<?xml version="1.0" encoding="utf-8"?>
<BindInfo>
	<BindNode BINDTYPE="op" DISPLAY="bind_op icmp" ID="" IMPL="auto" LATENCY="0" OPTYPE="icmp" PRAGMA="" RTLNAME="exitcond1110_fu_50_p2" SOURCE="" VARIABLE="exitcond1110" MODULE="fpga417_fir_Pipeline_1" LOOP="Loop 1" BUNDLEDNAME="" DSP="0" BRAM="0" URAM="0"/>
	<BindNode BINDTYPE="op" DISPLAY="bind_op add" ID="" IMPL="fabric" LATENCY="0" OPTYPE="add" PRAGMA="" RTLNAME="empty_20_fu_56_p2" SOURCE="" VARIABLE="empty_20" MODULE="fpga417_fir_Pipeline_1" LOOP="Loop 1" BUNDLEDNAME="" DSP="0" BRAM="0" URAM="0"/>
	<BindNode BINDTYPE="op" DISPLAY="bind_op icmp" ID="" IMPL="auto" LATENCY="0" OPTYPE="icmp" PRAGMA="" RTLNAME="icmp_ln11_fu_90_p2" SOURCE="fpga417_lab4.c:11" VARIABLE="icmp_ln11" MODULE="fpga417_fir_Pipeline_VITIS_LOOP_11_1" LOOP="VITIS_LOOP_11_1" BUNDLEDNAME="" DSP="0" BRAM="0" URAM="0"/>
	<BindNode BINDTYPE="op" DISPLAY="bind_op add" ID="" IMPL="fabric" LATENCY="0" OPTYPE="add" PRAGMA="" RTLNAME="add_ln11_fu_96_p2" SOURCE="fpga417_lab4.c:11" VARIABLE="add_ln11" MODULE="fpga417_fir_Pipeline_VITIS_LOOP_11_1" LOOP="VITIS_LOOP_11_1" BUNDLEDNAME="" DSP="0" BRAM="0" URAM="0"/>
	<BindNode BINDTYPE="op" DISPLAY="bind_op icmp" ID="" IMPL="auto" LATENCY="0" OPTYPE="icmp" PRAGMA="" RTLNAME="icmp_ln15_fu_147_p2" SOURCE="fpga417_lab4.c:15" VARIABLE="icmp_ln15" MODULE="fpga417_fir_Pipeline_VITIS_LOOP_15_2" LOOP="VITIS_LOOP_15_2" BUNDLEDNAME="" DSP="0" BRAM="0" URAM="0"/>
	<BindNode BINDTYPE="op" DISPLAY="bind_op mul" ID="" IMPL="auto" LATENCY="1" OPTYPE="mul" PRAGMA="" RTLNAME="mul_32s_32s_32_2_1_U5" SOURCE="fpga417_lab4.c:25" VARIABLE="mul_ln25" MODULE="fpga417_fir_Pipeline_VITIS_LOOP_15_2" LOOP="VITIS_LOOP_15_2" BUNDLEDNAME="" DSP="3" BRAM="0" URAM="0"/>
	<BindNode BINDTYPE="op" DISPLAY="bind_op add" ID="" IMPL="fabric" LATENCY="0" OPTYPE="add" PRAGMA="" RTLNAME="add_ln25_fu_158_p2" SOURCE="fpga417_lab4.c:25" VARIABLE="add_ln25" MODULE="fpga417_fir_Pipeline_VITIS_LOOP_15_2" LOOP="VITIS_LOOP_15_2" BUNDLEDNAME="" DSP="0" BRAM="0" URAM="0"/>
	<BindNode BINDTYPE="op" DISPLAY="bind_op mul" ID="" IMPL="auto" LATENCY="1" OPTYPE="mul" PRAGMA="" RTLNAME="mul_32s_32s_32_2_1_U6" SOURCE="fpga417_lab4.c:25" VARIABLE="mul_ln25_1" MODULE="fpga417_fir_Pipeline_VITIS_LOOP_15_2" LOOP="VITIS_LOOP_15_2" BUNDLEDNAME="" DSP="3" BRAM="0" URAM="0"/>
	<BindNode BINDTYPE="op" DISPLAY="bind_op add" ID="" IMPL="fabric" LATENCY="0" OPTYPE="add" PRAGMA="" RTLNAME="add_ln25_1_fu_169_p2" SOURCE="fpga417_lab4.c:25" VARIABLE="add_ln25_1" MODULE="fpga417_fir_Pipeline_VITIS_LOOP_15_2" LOOP="VITIS_LOOP_15_2" BUNDLEDNAME="" DSP="0" BRAM="0" URAM="0"/>
	<BindNode BINDTYPE="op" DISPLAY="bind_op mul" ID="" IMPL="auto" LATENCY="1" OPTYPE="mul" PRAGMA="" RTLNAME="mul_32s_32s_32_2_1_U7" SOURCE="fpga417_lab4.c:25" VARIABLE="mul_ln25_2" MODULE="fpga417_fir_Pipeline_VITIS_LOOP_15_2" LOOP="VITIS_LOOP_15_2" BUNDLEDNAME="" DSP="3" BRAM="0" URAM="0"/>
	<BindNode BINDTYPE="op" DISPLAY="bind_op add" ID="" IMPL="tadder" LATENCY="0" OPTYPE="add" PRAGMA="" RTLNAME="add_ln25_2_fu_208_p2" SOURCE="fpga417_lab4.c:25" VARIABLE="add_ln25_2" MODULE="fpga417_fir_Pipeline_VITIS_LOOP_15_2" LOOP="VITIS_LOOP_15_2" BUNDLEDNAME="" DSP="0" BRAM="0" URAM="0"/>
	<BindNode BINDTYPE="op" DISPLAY="bind_op add" ID="" IMPL="tadder" LATENCY="0" OPTYPE="add" PRAGMA="" RTLNAME="output_fu_212_p2" SOURCE="fpga417_lab4.c:25" VARIABLE="output" MODULE="fpga417_fir_Pipeline_VITIS_LOOP_15_2" LOOP="VITIS_LOOP_15_2" BUNDLEDNAME="" DSP="0" BRAM="0" URAM="0"/>
	<BindNode BINDTYPE="op" DISPLAY="bind_op add" ID="" IMPL="fabric" LATENCY="0" OPTYPE="add" PRAGMA="" RTLNAME="add_ln15_fu_180_p2" SOURCE="fpga417_lab4.c:15" VARIABLE="add_ln15" MODULE="fpga417_fir_Pipeline_VITIS_LOOP_15_2" LOOP="VITIS_LOOP_15_2" BUNDLEDNAME="" DSP="0" BRAM="0" URAM="0"/>
	<BindNode BINDTYPE="storage" DISPLAY="bind_storage rom_np" ID="" IMPL="auto" LATENCY="1" OPTYPE="rom_np" PRAGMA="" RTLNAME="temp_U" SOURCE="fpga417_lab4.c:9" VARIABLE="temp" MODULE="fpga417_fir" LOOP="" BUNDLEDNAME="" DSP="0" BRAM="0" URAM="0"/>
	<BindNode BINDTYPE="adapter" DISPLAY="bind_adapter axilite" ID="" IMPL="" LATENCY="" OPTYPE="" PRAGMA="yes" RTLNAME="BUS_A_s_axi_U" SOURCE="" VARIABLE="" MODULE="fpga417_fir" LOOP="" BUNDLEDNAME="BUS_A" DSP="0" BRAM="0" URAM="0"/>
	<BindNode BINDTYPE="adapter" DISPLAY="bind_adapter axilite" ID="" IMPL="" LATENCY="" OPTYPE="" PRAGMA="yes" RTLNAME="control_s_axi_U" SOURCE="" VARIABLE="" MODULE="fpga417_fir" LOOP="" BUNDLEDNAME="control" DSP="0" BRAM="0" URAM="0"/>
	<BindNode BINDTYPE="adapter" DISPLAY="bind_adapter axi_master" ID="" IMPL="" LATENCY="" OPTYPE="" PRAGMA="yes" RTLNAME="gmem0_m_axi_U" SOURCE="" VARIABLE="" MODULE="fpga417_fir" LOOP="" BUNDLEDNAME="gmem0" DSP="0" BRAM="4" URAM="0"/>
	<BindNode BINDTYPE="adapter" DISPLAY="bind_adapter axi_master" ID="" IMPL="" LATENCY="" OPTYPE="" PRAGMA="yes" RTLNAME="gmem1_m_axi_U" SOURCE="" VARIABLE="" MODULE="fpga417_fir" LOOP="" BUNDLEDNAME="gmem1" DSP="0" BRAM="4" URAM="0"/>
</BindInfo>
