<xilinx:hls_fe_msgs>
    <msg msg_groups="PRAGMA_VERBOSE_DUMP" msg_id="207-5471" msg_severity="WARNING" msg_loc="fpga417_lab4.c:6:9" msg_body="HLS pragma dump">
        <args ARG_PragmaContext="directive" ARG_PragmaFunction="fpga417_fir" ARG_PragmaIsValid="1" ARG_PragmaOptions="name=fpga417_fir" ARG_PragmaType="top" ClangWarningOption="dump-hls-pragmas"/>
    </msg>
    <msg msg_groups="PRAGMA_VERBOSE_DUMP" msg_id="207-5471" msg_severity="WARNING" msg_loc="fpga417_lab4.c:6:9" msg_body="HLS pragma dump">
        <args ARG_PragmaFunction="fpga417_fir" ARG_PragmaIsValid="1" ARG_PragmaOptions="mode=m_axi port=data offset=slave bundle=gmem0" ARG_PragmaType="interface" ClangWarningOption="dump-hls-pragmas"/>
    </msg>
    <msg msg_groups="PRAGMA_VERBOSE_DUMP" msg_id="207-5471" msg_severity="WARNING" msg_loc="fpga417_lab4.c:7:9" msg_body="HLS pragma dump">
        <args ARG_PragmaFunction="fpga417_fir" ARG_PragmaIsValid="1" ARG_PragmaOptions="mode=m_axi port=filter offset=slave bundle=gmem1" ARG_PragmaType="interface" ClangWarningOption="dump-hls-pragmas"/>
    </msg>
    <msg msg_groups="PRAGMA_VERBOSE_DUMP" msg_id="207-5471" msg_severity="WARNING" msg_loc="fpga417_lab4.c:8:9" msg_body="HLS pragma dump">
        <args ARG_PragmaFunction="fpga417_fir" ARG_PragmaIsValid="1" ARG_PragmaOptions="mode=s_axilite port=return bundle=BUS_A" ARG_PragmaType="interface" ClangWarningOption="dump-hls-pragmas"/>
    </msg>
    <msg msg_groups="PRAGMA_INLINE" msg_id="214-178" msg_severity="INFO" msg_loc="fpga417_lab4.c:5:0" msg_body="Inlining function 'fir' into 'fpga417_fir'">
        <args Callee="fir" Caller="fpga417_fir"/>
    </msg>
</xilinx:hls_fe_msgs>

