<profile>

<section name = "Vitis HLS Report for 'fpga417_fir_Pipeline_VITIS_LOOP_15_2'" level="0">
<item name = "Date">Wed Apr  2 16:07:57 2025
</item>
<item name = "Version">2021.2 (Build 3367213 on Tue Oct 19 02:48:09 MDT 2021)</item>
<item name = "Project">Lab4</item>
<item name = "Solution">solution1 (Vivado IP Flow Target)</item>
<item name = "Product family">zynq</item>
<item name = "Target device">xc7z010i-clg225-1L</item>
</section>

<section name = "Performance Estimates" level="0">
<item name = "Timing">
<section name = "" level="1">
<item name = "Summary"><table name="" hasTotal="0">
<keys size="4">Clock, Target, Estimated, Uncertainty</keys>
<column name="ap_clk">10.00 ns, 7.300 ns, 2.70 ns</column>
</table>
</item>
</section>
</item>
<item name = "Latency">
<section name = "" level="1">
<item name = "Summary"><table name="" hasTotal="0">
<keys size="8">, min, max, min, max, min, max, Type</keys>
<column name="">14, 14, 0.140 us, 0.140 us, 14, 14, no</column>
</table>
</item>
<item name = "Detail">
<section name = "" level="1">
<item name = "Instance"><table name="" hasTotal="0">
<keys size="9">Instance, Module, min, max, min, max, min, max, Type</keys>
</table>
</item>
<item name = "Loop"><table name="" hasTotal="0">
<keys size="8">Loop Name, min, max, Latency, achieved, target, Count, Pipelined</keys>
<column name="- VITIS_LOOP_15_2">12, 12, 6, 1, 1, 8, yes</column>
</table>
</item>
</section>
</item>
</section>
</item>
</section>

<section name = "Utilization Estimates" level="0">
<item name = "Summary"><table name="" hasTotal="1">
<keys size="6">Name, BRAM_18K, DSP, FF, LUT, URAM</keys>
<column name="DSP">-, -, -, -, -</column>
<column name="Expression">-, -, 0, 116, -</column>
<column name="FIFO">-, -, -, -, -</column>
<column name="Instance">-, 9, 495, 150, -</column>
<column name="Memory">-, -, -, -, -</column>
<column name="Multiplexer">-, -, -, 45, -</column>
<column name="Register">-, -, 304, 32, -</column>
<specialColumn name="Available">120, 80, 35200, 17600, 0</specialColumn>
<specialColumn name="Utilization (%)">0, 11, 2, 1, 0</specialColumn>
</table>
</item>
<item name = "Detail">
<section name = "" level="1">
<item name = "Instance"><table name="" hasTotal="1">
<keys size="7">Instance, Module, BRAM_18K, DSP, FF, LUT, URAM</keys>
<column name="mul_32s_32s_32_2_1_U5">mul_32s_32s_32_2_1, 0, 3, 165, 50, 0</column>
<column name="mul_32s_32s_32_2_1_U6">mul_32s_32s_32_2_1, 0, 3, 165, 50, 0</column>
<column name="mul_32s_32s_32_2_1_U7">mul_32s_32s_32_2_1, 0, 3, 165, 50, 0</column>
</table>
</item>
<item name = "DSP"><table name="" hasTotal="0">
<keys size="3">Instance, Module, Expression</keys>
</table>
</item>
<item name = "Memory"><table name="" hasTotal="1">
<keys size="10">Memory, Module, BRAM_18K, FF, LUT, URAM, Words, Bits, Banks, W*Bits*Banks</keys>
</table>
</item>
<item name = "FIFO"><table name="" hasTotal="1">
<keys size="8">Name, BRAM_18K, FF, LUT, URAM, Depth, Bits, Size:D*B</keys>
</table>
</item>
<item name = "Expression"><table name="" hasTotal="1">
<keys size="7">Variable Name, Operation, DSP, FF, LUT, Bitwidth P0, Bitwidth P1</keys>
<column name="add_ln15_fu_180_p2">+, 0, 0, 13, 4, 1</column>
<column name="add_ln25_1_fu_169_p2">+, 0, 0, 13, 4, 3</column>
<column name="add_ln25_2_fu_208_p2">+, 0, 0, 32, 32, 32</column>
<column name="add_ln25_fu_158_p2">+, 0, 0, 13, 4, 2</column>
<column name="output_fu_212_p2">+, 0, 0, 32, 32, 32</column>
<column name="ap_block_pp0_stage0_11001">and, 0, 0, 2, 1, 1</column>
<column name="icmp_ln15_fu_147_p2">icmp, 0, 0, 9, 4, 4</column>
<column name="ap_enable_pp0">xor, 0, 0, 2, 1, 2</column>
</table>
</item>
<item name = "Multiplexer"><table name="" hasTotal="1">
<keys size="5">Name, LUT, Input Size, Bits, Total Bits</keys>
<column name="ap_done_int">9, 2, 1, 2</column>
<column name="ap_enable_reg_pp0_iter5">9, 2, 1, 2</column>
<column name="ap_sig_allocacmp_i_1">9, 2, 4, 8</column>
<column name="gmem0_blk_n_W">9, 2, 1, 2</column>
<column name="i_fu_62">9, 2, 4, 8</column>
</table>
</item>
<item name = "Register"><table name="" hasTotal="1">
<keys size="5">Name, FF, LUT, Bits, Const Bits</keys>
<column name="ap_CS_fsm">1, 0, 1, 0</column>
<column name="ap_done_reg">1, 0, 1, 0</column>
<column name="ap_enable_reg_pp0_iter1">1, 0, 1, 0</column>
<column name="ap_enable_reg_pp0_iter2">1, 0, 1, 0</column>
<column name="ap_enable_reg_pp0_iter3">1, 0, 1, 0</column>
<column name="ap_enable_reg_pp0_iter4">1, 0, 1, 0</column>
<column name="ap_enable_reg_pp0_iter5">1, 0, 1, 0</column>
<column name="ap_loop_exit_ready_pp0_iter1_reg">1, 0, 1, 0</column>
<column name="ap_loop_exit_ready_pp0_iter2_reg">1, 0, 1, 0</column>
<column name="ap_loop_exit_ready_pp0_iter3_reg">1, 0, 1, 0</column>
<column name="ap_loop_exit_ready_pp0_iter4_reg">1, 0, 1, 0</column>
<column name="i_fu_62">4, 0, 4, 0</column>
<column name="icmp_ln15_reg_244">1, 0, 1, 0</column>
<column name="mul_ln25_1_reg_283">32, 0, 32, 0</column>
<column name="mul_ln25_2_reg_288">32, 0, 32, 0</column>
<column name="mul_ln25_reg_278">32, 0, 32, 0</column>
<column name="output_reg_298">32, 0, 32, 0</column>
<column name="temp_load_1_reg_268">32, 0, 32, 0</column>
<column name="temp_load_2_reg_273">32, 0, 32, 0</column>
<column name="temp_load_reg_263">32, 0, 32, 0</column>
<column name="icmp_ln15_reg_244">64, 32, 1, 0</column>
</table>
</item>
</section>
</item>
</section>

<section name = "Interface" level="0">
<item name = "Summary"><table name="" hasTotal="0">
<keys size="6">RTL Ports, Dir, Bits, Protocol, Source Object, C Type</keys>
<column name="ap_clk">in, 1, ap_ctrl_hs, fpga417_fir_Pipeline_VITIS_LOOP_15_2, return value</column>
<column name="ap_rst">in, 1, ap_ctrl_hs, fpga417_fir_Pipeline_VITIS_LOOP_15_2, return value</column>
<column name="ap_start">in, 1, ap_ctrl_hs, fpga417_fir_Pipeline_VITIS_LOOP_15_2, return value</column>
<column name="ap_done">out, 1, ap_ctrl_hs, fpga417_fir_Pipeline_VITIS_LOOP_15_2, return value</column>
<column name="ap_idle">out, 1, ap_ctrl_hs, fpga417_fir_Pipeline_VITIS_LOOP_15_2, return value</column>
<column name="ap_ready">out, 1, ap_ctrl_hs, fpga417_fir_Pipeline_VITIS_LOOP_15_2, return value</column>
<column name="m_axi_gmem0_AWVALID">out, 1, m_axi, gmem0, pointer</column>
<column name="m_axi_gmem0_AWREADY">in, 1, m_axi, gmem0, pointer</column>
<column name="m_axi_gmem0_AWADDR">out, 64, m_axi, gmem0, pointer</column>
<column name="m_axi_gmem0_AWID">out, 1, m_axi, gmem0, pointer</column>
<column name="m_axi_gmem0_AWLEN">out, 32, m_axi, gmem0, pointer</column>
<column name="m_axi_gmem0_AWSIZE">out, 3, m_axi, gmem0, pointer</column>
<column name="m_axi_gmem0_AWBURST">out, 2, m_axi, gmem0, pointer</column>
<column name="m_axi_gmem0_AWLOCK">out, 2, m_axi, gmem0, pointer</column>
<column name="m_axi_gmem0_AWCACHE">out, 4, m_axi, gmem0, pointer</column>
<column name="m_axi_gmem0_AWPROT">out, 3, m_axi, gmem0, pointer</column>
<column name="m_axi_gmem0_AWQOS">out, 4, m_axi, gmem0, pointer</column>
<column name="m_axi_gmem0_AWREGION">out, 4, m_axi, gmem0, pointer</column>
<column name="m_axi_gmem0_AWUSER">out, 1, m_axi, gmem0, pointer</column>
<column name="m_axi_gmem0_WVALID">out, 1, m_axi, gmem0, pointer</column>
<column name="m_axi_gmem0_WREADY">in, 1, m_axi, gmem0, pointer</column>
<column name="m_axi_gmem0_WDATA">out, 32, m_axi, gmem0, pointer</column>
<column name="m_axi_gmem0_WSTRB">out, 4, m_axi, gmem0, pointer</column>
<column name="m_axi_gmem0_WLAST">out, 1, m_axi, gmem0, pointer</column>
<column name="m_axi_gmem0_WID">out, 1, m_axi, gmem0, pointer</column>
<column name="m_axi_gmem0_WUSER">out, 1, m_axi, gmem0, pointer</column>
<column name="m_axi_gmem0_ARVALID">out, 1, m_axi, gmem0, pointer</column>
<column name="m_axi_gmem0_ARREADY">in, 1, m_axi, gmem0, pointer</column>
<column name="m_axi_gmem0_ARADDR">out, 64, m_axi, gmem0, pointer</column>
<column name="m_axi_gmem0_ARID">out, 1, m_axi, gmem0, pointer</column>
<column name="m_axi_gmem0_ARLEN">out, 32, m_axi, gmem0, pointer</column>
<column name="m_axi_gmem0_ARSIZE">out, 3, m_axi, gmem0, pointer</column>
<column name="m_axi_gmem0_ARBURST">out, 2, m_axi, gmem0, pointer</column>
<column name="m_axi_gmem0_ARLOCK">out, 2, m_axi, gmem0, pointer</column>
<column name="m_axi_gmem0_ARCACHE">out, 4, m_axi, gmem0, pointer</column>
<column name="m_axi_gmem0_ARPROT">out, 3, m_axi, gmem0, pointer</column>
<column name="m_axi_gmem0_ARQOS">out, 4, m_axi, gmem0, pointer</column>
<column name="m_axi_gmem0_ARREGION">out, 4, m_axi, gmem0, pointer</column>
<column name="m_axi_gmem0_ARUSER">out, 1, m_axi, gmem0, pointer</column>
<column name="m_axi_gmem0_RVALID">in, 1, m_axi, gmem0, pointer</column>
<column name="m_axi_gmem0_RREADY">out, 1, m_axi, gmem0, pointer</column>
<column name="m_axi_gmem0_RDATA">in, 32, m_axi, gmem0, pointer</column>
<column name="m_axi_gmem0_RLAST">in, 1, m_axi, gmem0, pointer</column>
<column name="m_axi_gmem0_RID">in, 1, m_axi, gmem0, pointer</column>
<column name="m_axi_gmem0_RFIFONUM">in, 9, m_axi, gmem0, pointer</column>
<column name="m_axi_gmem0_RUSER">in, 1, m_axi, gmem0, pointer</column>
<column name="m_axi_gmem0_RRESP">in, 2, m_axi, gmem0, pointer</column>
<column name="m_axi_gmem0_BVALID">in, 1, m_axi, gmem0, pointer</column>
<column name="m_axi_gmem0_BREADY">out, 1, m_axi, gmem0, pointer</column>
<column name="m_axi_gmem0_BRESP">in, 2, m_axi, gmem0, pointer</column>
<column name="m_axi_gmem0_BID">in, 1, m_axi, gmem0, pointer</column>
<column name="m_axi_gmem0_BUSER">in, 1, m_axi, gmem0, pointer</column>
<column name="sext_ln11">in, 62, ap_none, sext_ln11, scalar</column>
<column name="temp_address0">out, 4, ap_memory, temp, array</column>
<column name="temp_ce0">out, 1, ap_memory, temp, array</column>
<column name="temp_q0">in, 32, ap_memory, temp, array</column>
<column name="temp_address1">out, 4, ap_memory, temp, array</column>
<column name="temp_ce1">out, 1, ap_memory, temp, array</column>
<column name="temp_q1">in, 32, ap_memory, temp, array</column>
<column name="temp_address2">out, 4, ap_memory, temp, array</column>
<column name="temp_ce2">out, 1, ap_memory, temp, array</column>
<column name="temp_q2">in, 32, ap_memory, temp, array</column>
<column name="gmem1_addr_read">in, 32, ap_none, gmem1_addr_read, scalar</column>
<column name="gmem1_addr_read_1">in, 32, ap_none, gmem1_addr_read_1, scalar</column>
<column name="gmem1_addr_read_2">in, 32, ap_none, gmem1_addr_read_2, scalar</column>
</table>
</item>
</section>
</profile>
