<stg><name>fpga417_fir</name>


<trans_list>

<trans id="68" from="1" to="2">
<condition id="-1">
<or_exp><and_exp></and_exp></or_exp>
</condition>
</trans>

<trans id="69" from="2" to="3">
<condition id="-1">
<or_exp><and_exp></and_exp></or_exp>
</condition>
</trans>

<trans id="70" from="3" to="4">
<condition id="-1">
<or_exp><and_exp></and_exp></or_exp>
</condition>
</trans>

<trans id="71" from="4" to="5">
<condition id="-1">
<or_exp><and_exp></and_exp></or_exp>
</condition>
</trans>

<trans id="72" from="5" to="6">
<condition id="-1">
<or_exp><and_exp></and_exp></or_exp>
</condition>
</trans>

<trans id="73" from="6" to="7">
<condition id="-1">
<or_exp><and_exp></and_exp></or_exp>
</condition>
</trans>

<trans id="74" from="7" to="8">
<condition id="-1">
<or_exp><and_exp></and_exp></or_exp>
</condition>
</trans>

<trans id="75" from="8" to="9">
<condition id="-1">
<or_exp><and_exp></and_exp></or_exp>
</condition>
</trans>

<trans id="76" from="9" to="10">
<condition id="-1">
<or_exp><and_exp></and_exp></or_exp>
</condition>
</trans>

<trans id="77" from="10" to="11">
<condition id="-1">
<or_exp><and_exp></and_exp></or_exp>
</condition>
</trans>

<trans id="78" from="11" to="12">
<condition id="-1">
<or_exp><and_exp></and_exp></or_exp>
</condition>
</trans>

<trans id="79" from="12" to="13">
<condition id="-1">
<or_exp><and_exp></and_exp></or_exp>
</condition>
</trans>

<trans id="80" from="13" to="14">
<condition id="-1">
<or_exp><and_exp></and_exp></or_exp>
</condition>
</trans>

<trans id="81" from="14" to="15">
<condition id="-1">
<or_exp><and_exp></and_exp></or_exp>
</condition>
</trans>

<trans id="82" from="15" to="16">
<condition id="-1">
<or_exp><and_exp></and_exp></or_exp>
</condition>
</trans>

<trans id="83" from="16" to="17">
<condition id="-1">
<or_exp><and_exp></and_exp></or_exp>
</condition>
</trans>

<trans id="84" from="17" to="18">
<condition id="-1">
<or_exp><and_exp></and_exp></or_exp>
</condition>
</trans>
</trans_list>



<state_list>

<state id="1" st_id="1">

<operation id="19" st_id="1" stage="1" lat="1">
<core>s_axilite</core>
<MemPortIdVec></MemPortIdVec>
<condition id="-1">
<or_exp><and_exp></and_exp></or_exp>
</condition>

<Node id="15" bw="64" op_0_bw="64" op_1_bw="64">
<![CDATA[
codeRepl:10 %filter_read = read i64 @_ssdm_op_Read.s_axilite.i64, i64 %filter

]]></Node>
<StgValue><ssdm name="filter_read"/></StgValue>
</operation>

<operation id="20" st_id="1" stage="1" lat="1">
<core>s_axilite</core>
<MemPortIdVec></MemPortIdVec>
<condition id="-1">
<or_exp><and_exp></and_exp></or_exp>
</condition>

<Node id="16" bw="64" op_0_bw="64" op_1_bw="64">
<![CDATA[
codeRepl:11 %data_read = read i64 @_ssdm_op_Read.s_axilite.i64, i64 %data

]]></Node>
<StgValue><ssdm name="data_read"/></StgValue>
</operation>

<operation id="21" st_id="1" stage="1" lat="1">
<core>NULL</core>
<MemPortIdVec></MemPortIdVec>
<condition id="-1">
<or_exp><and_exp></and_exp></or_exp>
</condition>

<Node id="17" bw="32" op_0_bw="64">
<![CDATA[
codeRepl:12 %temp = alloca i64 1

]]></Node>
<StgValue><ssdm name="temp"/><MemPortTyVec>2 1 1 3 3 3 3 3 3 3 3 3 3 3 3 3 3 </MemPortTyVec>
</StgValue>
</operation>

<operation id="22" st_id="1" stage="2" lat="2">
<core></core>
<MemPortIdVec></MemPortIdVec>
<condition id="-1">
<or_exp><and_exp></and_exp></or_exp>
</condition>

<Node id="18" bw="0" op_0_bw="0" op_1_bw="32">
<![CDATA[
codeRepl:13 %call_ln0 = call void @fpga417_fir_Pipeline_1, i32 %temp

]]></Node>
<StgValue><ssdm name="call_ln0"/></StgValue>
</operation>

<operation id="23" st_id="1" stage="1" lat="1">
<core>NULL</core>
<MemPortIdVec></MemPortIdVec>
<condition id="-1">
<or_exp><and_exp></and_exp></or_exp>
</condition>

<Node id="19" bw="62" op_0_bw="62" op_1_bw="64" op_2_bw="32" op_3_bw="32">
<![CDATA[
codeRepl:14 %trunc_ln = partselect i62 @_ssdm_op_PartSelect.i62.i64.i32.i32, i64 %data_read, i32 2, i32 63

]]></Node>
<StgValue><ssdm name="trunc_ln"/></StgValue>
</operation>

<operation id="24" st_id="1" stage="1" lat="1">
<core>NULL</core>
<MemPortIdVec></MemPortIdVec>
<condition id="-1">
<or_exp><and_exp></and_exp></or_exp>
</condition>

<Node id="24" bw="62" op_0_bw="62" op_1_bw="64" op_2_bw="32" op_3_bw="32">
<![CDATA[
codeRepl:19 %p_cast = partselect i62 @_ssdm_op_PartSelect.i62.i64.i32.i32, i64 %filter_read, i32 2, i32 63

]]></Node>
<StgValue><ssdm name="p_cast"/></StgValue>
</operation>

<operation id="25" st_id="1" stage="1" lat="1">
<core>NULL</core>
<MemPortIdVec></MemPortIdVec>
<condition id="-1">
<or_exp><and_exp></and_exp></or_exp>
</condition>

<Node id="25" bw="64" op_0_bw="62">
<![CDATA[
codeRepl:20 %p_cast_cast = sext i62 %p_cast

]]></Node>
<StgValue><ssdm name="p_cast_cast"/></StgValue>
</operation>

<operation id="26" st_id="1" stage="1" lat="1">
<core>NULL</core>
<MemPortIdVec></MemPortIdVec>
<condition id="-1">
<or_exp><and_exp></and_exp></or_exp>
</condition>

<Node id="26" bw="64" op_0_bw="64" op_1_bw="64">
<![CDATA[
codeRepl:21 %gmem1_addr = getelementptr i32 %gmem1, i64 %p_cast_cast

]]></Node>
<StgValue><ssdm name="gmem1_addr"/></StgValue>
</operation>
</state>

<state id="2" st_id="2">

<operation id="27" st_id="2" stage="1" lat="2">
<core></core>
<MemPortIdVec></MemPortIdVec>
<condition id="-1">
<or_exp><and_exp></and_exp></or_exp>
</condition>

<Node id="18" bw="0" op_0_bw="0" op_1_bw="32">
<![CDATA[
codeRepl:13 %call_ln0 = call void @fpga417_fir_Pipeline_1, i32 %temp

]]></Node>
<StgValue><ssdm name="call_ln0"/></StgValue>
</operation>

<operation id="28" st_id="2" stage="1" lat="1">
<core>NULL</core>
<MemPortIdVec></MemPortIdVec>
<condition id="-1">
<or_exp><and_exp></and_exp></or_exp>
</condition>

<Node id="20" bw="64" op_0_bw="62">
<![CDATA[
codeRepl:15 %sext_ln11 = sext i62 %trunc_ln

]]></Node>
<StgValue><ssdm name="sext_ln11"/></StgValue>
</operation>

<operation id="29" st_id="2" stage="1" lat="1">
<core>NULL</core>
<MemPortIdVec></MemPortIdVec>
<condition id="-1">
<or_exp><and_exp></and_exp></or_exp>
</condition>

<Node id="21" bw="64" op_0_bw="64" op_1_bw="64">
<![CDATA[
codeRepl:16 %gmem0_addr = getelementptr i32 %gmem0, i64 %sext_ln11

]]></Node>
<StgValue><ssdm name="gmem0_addr"/></StgValue>
</operation>

<operation id="30" st_id="2" stage="7" lat="7">
<core>m_axi</core>
<MemPortIdVec></MemPortIdVec>
<condition id="-1">
<or_exp><and_exp></and_exp></or_exp>
</condition>

<Node id="22" bw="1" op_0_bw="1" op_1_bw="32" op_2_bw="32">
<![CDATA[
codeRepl:17 %empty = readreq i1 @_ssdm_op_ReadReq.m_axi.p1i32, i64 %gmem0_addr, i32 8

]]></Node>
<StgValue><ssdm name="empty"/></StgValue>
</operation>

<operation id="31" st_id="2" stage="7" lat="7">
<core>m_axi</core>
<MemPortIdVec></MemPortIdVec>
<condition id="-1">
<or_exp><and_exp></and_exp></or_exp>
</condition>

<Node id="27" bw="1" op_0_bw="1" op_1_bw="32" op_2_bw="32">
<![CDATA[
codeRepl:22 %empty_21 = readreq i1 @_ssdm_op_ReadReq.m_axi.p1i32, i64 %gmem1_addr, i32 3

]]></Node>
<StgValue><ssdm name="empty_21"/></StgValue>
</operation>
</state>

<state id="3" st_id="3">

<operation id="32" st_id="3" stage="6" lat="7">
<core>m_axi</core>
<MemPortIdVec></MemPortIdVec>
<condition id="-1">
<or_exp><and_exp></and_exp></or_exp>
</condition>

<Node id="22" bw="1" op_0_bw="1" op_1_bw="32" op_2_bw="32">
<![CDATA[
codeRepl:17 %empty = readreq i1 @_ssdm_op_ReadReq.m_axi.p1i32, i64 %gmem0_addr, i32 8

]]></Node>
<StgValue><ssdm name="empty"/></StgValue>
</operation>

<operation id="33" st_id="3" stage="6" lat="7">
<core>m_axi</core>
<MemPortIdVec></MemPortIdVec>
<condition id="-1">
<or_exp><and_exp></and_exp></or_exp>
</condition>

<Node id="27" bw="1" op_0_bw="1" op_1_bw="32" op_2_bw="32">
<![CDATA[
codeRepl:22 %empty_21 = readreq i1 @_ssdm_op_ReadReq.m_axi.p1i32, i64 %gmem1_addr, i32 3

]]></Node>
<StgValue><ssdm name="empty_21"/></StgValue>
</operation>
</state>

<state id="4" st_id="4">

<operation id="34" st_id="4" stage="5" lat="7">
<core>m_axi</core>
<MemPortIdVec></MemPortIdVec>
<condition id="-1">
<or_exp><and_exp></and_exp></or_exp>
</condition>

<Node id="22" bw="1" op_0_bw="1" op_1_bw="32" op_2_bw="32">
<![CDATA[
codeRepl:17 %empty = readreq i1 @_ssdm_op_ReadReq.m_axi.p1i32, i64 %gmem0_addr, i32 8

]]></Node>
<StgValue><ssdm name="empty"/></StgValue>
</operation>

<operation id="35" st_id="4" stage="5" lat="7">
<core>m_axi</core>
<MemPortIdVec></MemPortIdVec>
<condition id="-1">
<or_exp><and_exp></and_exp></or_exp>
</condition>

<Node id="27" bw="1" op_0_bw="1" op_1_bw="32" op_2_bw="32">
<![CDATA[
codeRepl:22 %empty_21 = readreq i1 @_ssdm_op_ReadReq.m_axi.p1i32, i64 %gmem1_addr, i32 3

]]></Node>
<StgValue><ssdm name="empty_21"/></StgValue>
</operation>
</state>

<state id="5" st_id="5">

<operation id="36" st_id="5" stage="4" lat="7">
<core>m_axi</core>
<MemPortIdVec></MemPortIdVec>
<condition id="-1">
<or_exp><and_exp></and_exp></or_exp>
</condition>

<Node id="22" bw="1" op_0_bw="1" op_1_bw="32" op_2_bw="32">
<![CDATA[
codeRepl:17 %empty = readreq i1 @_ssdm_op_ReadReq.m_axi.p1i32, i64 %gmem0_addr, i32 8

]]></Node>
<StgValue><ssdm name="empty"/></StgValue>
</operation>

<operation id="37" st_id="5" stage="4" lat="7">
<core>m_axi</core>
<MemPortIdVec></MemPortIdVec>
<condition id="-1">
<or_exp><and_exp></and_exp></or_exp>
</condition>

<Node id="27" bw="1" op_0_bw="1" op_1_bw="32" op_2_bw="32">
<![CDATA[
codeRepl:22 %empty_21 = readreq i1 @_ssdm_op_ReadReq.m_axi.p1i32, i64 %gmem1_addr, i32 3

]]></Node>
<StgValue><ssdm name="empty_21"/></StgValue>
</operation>
</state>

<state id="6" st_id="6">

<operation id="38" st_id="6" stage="3" lat="7">
<core>m_axi</core>
<MemPortIdVec></MemPortIdVec>
<condition id="-1">
<or_exp><and_exp></and_exp></or_exp>
</condition>

<Node id="22" bw="1" op_0_bw="1" op_1_bw="32" op_2_bw="32">
<![CDATA[
codeRepl:17 %empty = readreq i1 @_ssdm_op_ReadReq.m_axi.p1i32, i64 %gmem0_addr, i32 8

]]></Node>
<StgValue><ssdm name="empty"/></StgValue>
</operation>

<operation id="39" st_id="6" stage="3" lat="7">
<core>m_axi</core>
<MemPortIdVec></MemPortIdVec>
<condition id="-1">
<or_exp><and_exp></and_exp></or_exp>
</condition>

<Node id="27" bw="1" op_0_bw="1" op_1_bw="32" op_2_bw="32">
<![CDATA[
codeRepl:22 %empty_21 = readreq i1 @_ssdm_op_ReadReq.m_axi.p1i32, i64 %gmem1_addr, i32 3

]]></Node>
<StgValue><ssdm name="empty_21"/></StgValue>
</operation>
</state>

<state id="7" st_id="7">

<operation id="40" st_id="7" stage="2" lat="7">
<core>m_axi</core>
<MemPortIdVec></MemPortIdVec>
<condition id="-1">
<or_exp><and_exp></and_exp></or_exp>
</condition>

<Node id="22" bw="1" op_0_bw="1" op_1_bw="32" op_2_bw="32">
<![CDATA[
codeRepl:17 %empty = readreq i1 @_ssdm_op_ReadReq.m_axi.p1i32, i64 %gmem0_addr, i32 8

]]></Node>
<StgValue><ssdm name="empty"/></StgValue>
</operation>

<operation id="41" st_id="7" stage="2" lat="7">
<core>m_axi</core>
<MemPortIdVec></MemPortIdVec>
<condition id="-1">
<or_exp><and_exp></and_exp></or_exp>
</condition>

<Node id="27" bw="1" op_0_bw="1" op_1_bw="32" op_2_bw="32">
<![CDATA[
codeRepl:22 %empty_21 = readreq i1 @_ssdm_op_ReadReq.m_axi.p1i32, i64 %gmem1_addr, i32 3

]]></Node>
<StgValue><ssdm name="empty_21"/></StgValue>
</operation>
</state>

<state id="8" st_id="8">

<operation id="42" st_id="8" stage="1" lat="7">
<core>m_axi</core>
<MemPortIdVec></MemPortIdVec>
<condition id="-1">
<or_exp><and_exp></and_exp></or_exp>
</condition>

<Node id="22" bw="1" op_0_bw="1" op_1_bw="32" op_2_bw="32">
<![CDATA[
codeRepl:17 %empty = readreq i1 @_ssdm_op_ReadReq.m_axi.p1i32, i64 %gmem0_addr, i32 8

]]></Node>
<StgValue><ssdm name="empty"/></StgValue>
</operation>

<operation id="43" st_id="8" stage="1" lat="7">
<core>m_axi</core>
<MemPortIdVec></MemPortIdVec>
<condition id="-1">
<or_exp><and_exp></and_exp></or_exp>
</condition>

<Node id="27" bw="1" op_0_bw="1" op_1_bw="32" op_2_bw="32">
<![CDATA[
codeRepl:22 %empty_21 = readreq i1 @_ssdm_op_ReadReq.m_axi.p1i32, i64 %gmem1_addr, i32 3

]]></Node>
<StgValue><ssdm name="empty_21"/></StgValue>
</operation>
</state>

<state id="9" st_id="9">

<operation id="44" st_id="9" stage="2" lat="2">
<core></core>
<MemPortIdVec></MemPortIdVec>
<condition id="-1">
<or_exp><and_exp></and_exp></or_exp>
</condition>

<Node id="23" bw="0" op_0_bw="0" op_1_bw="32" op_2_bw="62" op_3_bw="32" op_4_bw="0" op_5_bw="0" op_6_bw="0">
<![CDATA[
codeRepl:18 %call_ln11 = call void @fpga417_fir_Pipeline_VITIS_LOOP_11_1, i32 %gmem0, i62 %trunc_ln, i32 %temp

]]></Node>
<StgValue><ssdm name="call_ln11"/></StgValue>
</operation>
</state>

<state id="10" st_id="10">

<operation id="45" st_id="10" stage="1" lat="2">
<core></core>
<MemPortIdVec></MemPortIdVec>
<condition id="-1">
<or_exp><and_exp></and_exp></or_exp>
</condition>

<Node id="23" bw="0" op_0_bw="0" op_1_bw="32" op_2_bw="62" op_3_bw="32" op_4_bw="0" op_5_bw="0" op_6_bw="0">
<![CDATA[
codeRepl:18 %call_ln11 = call void @fpga417_fir_Pipeline_VITIS_LOOP_11_1, i32 %gmem0, i62 %trunc_ln, i32 %temp

]]></Node>
<StgValue><ssdm name="call_ln11"/></StgValue>
</operation>

<operation id="46" st_id="10" stage="1" lat="1">
<core>m_axi</core>
<MemPortIdVec></MemPortIdVec>
<condition id="-1">
<or_exp><and_exp></and_exp></or_exp>
</condition>

<Node id="28" bw="32" op_0_bw="32" op_1_bw="32" op_2_bw="0">
<![CDATA[
codeRepl:23 %gmem1_addr_read = read i32 @_ssdm_op_Read.m_axi.p1i32, i64 %gmem1_addr

]]></Node>
<StgValue><ssdm name="gmem1_addr_read"/></StgValue>
</operation>
</state>

<state id="11" st_id="11">

<operation id="47" st_id="11" stage="1" lat="1">
<core>m_axi</core>
<MemPortIdVec></MemPortIdVec>
<condition id="-1">
<or_exp><and_exp></and_exp></or_exp>
</condition>

<Node id="29" bw="32" op_0_bw="32" op_1_bw="32" op_2_bw="0">
<![CDATA[
codeRepl:24 %gmem1_addr_read_1 = read i32 @_ssdm_op_Read.m_axi.p1i32, i64 %gmem1_addr

]]></Node>
<StgValue><ssdm name="gmem1_addr_read_1"/></StgValue>
</operation>

<operation id="48" st_id="11" stage="1" lat="1">
<core>m_axi</core>
<MemPortIdVec></MemPortIdVec>
<condition id="-1">
<or_exp><and_exp></and_exp></or_exp>
</condition>

<Node id="31" bw="1" op_0_bw="1" op_1_bw="32" op_2_bw="32" op_3_bw="0">
<![CDATA[
codeRepl:26 %empty_22 = writereq i1 @_ssdm_op_WriteReq.m_axi.p1i32, i64 %gmem0_addr, i32 8

]]></Node>
<StgValue><ssdm name="empty_22"/></StgValue>
</operation>
</state>

<state id="12" st_id="12">

<operation id="49" st_id="12" stage="1" lat="1">
<core>m_axi</core>
<MemPortIdVec></MemPortIdVec>
<condition id="-1">
<or_exp><and_exp></and_exp></or_exp>
</condition>

<Node id="30" bw="32" op_0_bw="32" op_1_bw="32" op_2_bw="0">
<![CDATA[
codeRepl:25 %gmem1_addr_read_2 = read i32 @_ssdm_op_Read.m_axi.p1i32, i64 %gmem1_addr

]]></Node>
<StgValue><ssdm name="gmem1_addr_read_2"/></StgValue>
</operation>

<operation id="50" st_id="12" stage="2" lat="2">
<core></core>
<MemPortIdVec></MemPortIdVec>
<condition id="-1">
<or_exp><and_exp></and_exp></or_exp>
</condition>

<Node id="32" bw="0" op_0_bw="0" op_1_bw="32" op_2_bw="62" op_3_bw="32" op_4_bw="32" op_5_bw="32" op_6_bw="32" op_7_bw="0" op_8_bw="0" op_9_bw="0">
<![CDATA[
codeRepl:27 %call_ln11 = call void @fpga417_fir_Pipeline_VITIS_LOOP_15_2, i32 %gmem0, i62 %trunc_ln, i32 %temp, i32 %gmem1_addr_read, i32 %gmem1_addr_read_1, i32 %gmem1_addr_read_2

]]></Node>
<StgValue><ssdm name="call_ln11"/></StgValue>
</operation>
</state>

<state id="13" st_id="13">

<operation id="51" st_id="13" stage="1" lat="2">
<core></core>
<MemPortIdVec></MemPortIdVec>
<condition id="-1">
<or_exp><and_exp></and_exp></or_exp>
</condition>

<Node id="32" bw="0" op_0_bw="0" op_1_bw="32" op_2_bw="62" op_3_bw="32" op_4_bw="32" op_5_bw="32" op_6_bw="32" op_7_bw="0" op_8_bw="0" op_9_bw="0">
<![CDATA[
codeRepl:27 %call_ln11 = call void @fpga417_fir_Pipeline_VITIS_LOOP_15_2, i32 %gmem0, i62 %trunc_ln, i32 %temp, i32 %gmem1_addr_read, i32 %gmem1_addr_read_1, i32 %gmem1_addr_read_2

]]></Node>
<StgValue><ssdm name="call_ln11"/></StgValue>
</operation>
</state>

<state id="14" st_id="14">

<operation id="52" st_id="14" stage="5" lat="5">
<core>m_axi</core>
<MemPortIdVec></MemPortIdVec>
<condition id="-1">
<or_exp><and_exp></and_exp></or_exp>
</condition>

<Node id="33" bw="1" op_0_bw="1" op_1_bw="32" op_2_bw="0">
<![CDATA[
codeRepl:28 %empty_23 = writeresp i1 @_ssdm_op_WriteResp.m_axi.p1i32, i64 %gmem0_addr

]]></Node>
<StgValue><ssdm name="empty_23"/></StgValue>
</operation>
</state>

<state id="15" st_id="15">

<operation id="53" st_id="15" stage="4" lat="5">
<core>m_axi</core>
<MemPortIdVec></MemPortIdVec>
<condition id="-1">
<or_exp><and_exp></and_exp></or_exp>
</condition>

<Node id="33" bw="1" op_0_bw="1" op_1_bw="32" op_2_bw="0">
<![CDATA[
codeRepl:28 %empty_23 = writeresp i1 @_ssdm_op_WriteResp.m_axi.p1i32, i64 %gmem0_addr

]]></Node>
<StgValue><ssdm name="empty_23"/></StgValue>
</operation>
</state>

<state id="16" st_id="16">

<operation id="54" st_id="16" stage="3" lat="5">
<core>m_axi</core>
<MemPortIdVec></MemPortIdVec>
<condition id="-1">
<or_exp><and_exp></and_exp></or_exp>
</condition>

<Node id="33" bw="1" op_0_bw="1" op_1_bw="32" op_2_bw="0">
<![CDATA[
codeRepl:28 %empty_23 = writeresp i1 @_ssdm_op_WriteResp.m_axi.p1i32, i64 %gmem0_addr

]]></Node>
<StgValue><ssdm name="empty_23"/></StgValue>
</operation>
</state>

<state id="17" st_id="17">

<operation id="55" st_id="17" stage="2" lat="5">
<core>m_axi</core>
<MemPortIdVec></MemPortIdVec>
<condition id="-1">
<or_exp><and_exp></and_exp></or_exp>
</condition>

<Node id="33" bw="1" op_0_bw="1" op_1_bw="32" op_2_bw="0">
<![CDATA[
codeRepl:28 %empty_23 = writeresp i1 @_ssdm_op_WriteResp.m_axi.p1i32, i64 %gmem0_addr

]]></Node>
<StgValue><ssdm name="empty_23"/></StgValue>
</operation>
</state>

<state id="18" st_id="18">

<operation id="56" st_id="18" stage="1" lat="1">
<core>NULL</core>
<MemPortIdVec></MemPortIdVec>
<condition id="-1">
<or_exp><and_exp></and_exp></or_exp>
</condition>

<Node id="5" bw="0" op_0_bw="0" op_1_bw="0">
<![CDATA[
codeRepl:0 %spectopmodule_ln0 = spectopmodule void @_ssdm_op_SpecTopModule, void @empty_11

]]></Node>
<StgValue><ssdm name="spectopmodule_ln0"/></StgValue>
</operation>

<operation id="57" st_id="18" stage="1" lat="1">
<core>NULL</core>
<MemPortIdVec></MemPortIdVec>
<condition id="-1">
<or_exp><and_exp></and_exp></or_exp>
</condition>

<Node id="6" bw="0" op_0_bw="0" op_1_bw="32" op_2_bw="0" op_3_bw="32" op_4_bw="32" op_5_bw="0" op_6_bw="32" op_7_bw="32" op_8_bw="0" op_9_bw="0" op_10_bw="0" op_11_bw="32" op_12_bw="32" op_13_bw="32" op_14_bw="32" op_15_bw="0" op_16_bw="0">
<![CDATA[
codeRepl:1 %specinterface_ln0 = specinterface void @_ssdm_op_SpecInterface, i32 %gmem0, void @empty, i32 0, i32 0, void @empty_0, i32 0, i32 0, void @empty_1, void @empty_2, void @empty_0, i32 16, i32 16, i32 16, i32 16, void @empty_0, void @empty_0

]]></Node>
<StgValue><ssdm name="specinterface_ln0"/></StgValue>
</operation>

<operation id="58" st_id="18" stage="1" lat="1">
<core>NULL</core>
<MemPortIdVec></MemPortIdVec>
<condition id="-1">
<or_exp><and_exp></and_exp></or_exp>
</condition>

<Node id="7" bw="0" op_0_bw="0" op_1_bw="32">
<![CDATA[
codeRepl:2 %specbitsmap_ln0 = specbitsmap void @_ssdm_op_SpecBitsMap, i32 %gmem0

]]></Node>
<StgValue><ssdm name="specbitsmap_ln0"/></StgValue>
</operation>

<operation id="59" st_id="18" stage="1" lat="1">
<core>NULL</core>
<MemPortIdVec></MemPortIdVec>
<condition id="-1">
<or_exp><and_exp></and_exp></or_exp>
</condition>

<Node id="8" bw="0" op_0_bw="0" op_1_bw="32" op_2_bw="0" op_3_bw="32" op_4_bw="32" op_5_bw="0" op_6_bw="32" op_7_bw="32" op_8_bw="0" op_9_bw="0" op_10_bw="0" op_11_bw="32" op_12_bw="32" op_13_bw="32" op_14_bw="32" op_15_bw="0" op_16_bw="0">
<![CDATA[
codeRepl:3 %specinterface_ln0 = specinterface void @_ssdm_op_SpecInterface, i32 %gmem1, void @empty, i32 0, i32 0, void @empty_0, i32 0, i32 0, void @empty_3, void @empty_2, void @empty_0, i32 16, i32 16, i32 16, i32 16, void @empty_0, void @empty_0

]]></Node>
<StgValue><ssdm name="specinterface_ln0"/></StgValue>
</operation>

<operation id="60" st_id="18" stage="1" lat="1">
<core>NULL</core>
<MemPortIdVec></MemPortIdVec>
<condition id="-1">
<or_exp><and_exp></and_exp></or_exp>
</condition>

<Node id="9" bw="0" op_0_bw="0" op_1_bw="32">
<![CDATA[
codeRepl:4 %specbitsmap_ln0 = specbitsmap void @_ssdm_op_SpecBitsMap, i32 %gmem1

]]></Node>
<StgValue><ssdm name="specbitsmap_ln0"/></StgValue>
</operation>

<operation id="61" st_id="18" stage="1" lat="1">
<core>NULL</core>
<MemPortIdVec></MemPortIdVec>
<condition id="-1">
<or_exp><and_exp></and_exp></or_exp>
</condition>

<Node id="10" bw="0" op_0_bw="0" op_1_bw="64" op_2_bw="0" op_3_bw="32" op_4_bw="32" op_5_bw="0" op_6_bw="32" op_7_bw="32" op_8_bw="0" op_9_bw="0" op_10_bw="0" op_11_bw="32" op_12_bw="32" op_13_bw="32" op_14_bw="32" op_15_bw="0" op_16_bw="0">
<![CDATA[
codeRepl:5 %specinterface_ln0 = specinterface void @_ssdm_op_SpecInterface, i64 %data, void @empty_4, i32 0, i32 0, void @empty_0, i32 0, i32 0, void @empty_5, void @empty_6, void @empty_0, i32 0, i32 0, i32 0, i32 0, void @empty_0, void @empty_7

]]></Node>
<StgValue><ssdm name="specinterface_ln0"/></StgValue>
</operation>

<operation id="62" st_id="18" stage="1" lat="1">
<core>NULL</core>
<MemPortIdVec></MemPortIdVec>
<condition id="-1">
<or_exp><and_exp></and_exp></or_exp>
</condition>

<Node id="11" bw="0" op_0_bw="0" op_1_bw="64" op_2_bw="0" op_3_bw="32" op_4_bw="32" op_5_bw="0" op_6_bw="32" op_7_bw="32" op_8_bw="0" op_9_bw="0" op_10_bw="0" op_11_bw="32" op_12_bw="32" op_13_bw="32" op_14_bw="32" op_15_bw="0" op_16_bw="0">
<![CDATA[
codeRepl:6 %specinterface_ln0 = specinterface void @_ssdm_op_SpecInterface, i64 %data, void @empty_8, i32 0, i32 0, void @empty_0, i32 0, i32 0, void @empty_0, void @empty_0, void @empty_0, i32 0, i32 0, i32 0, i32 0, void @empty_0, void @empty_7

]]></Node>
<StgValue><ssdm name="specinterface_ln0"/></StgValue>
</operation>

<operation id="63" st_id="18" stage="1" lat="1">
<core>NULL</core>
<MemPortIdVec></MemPortIdVec>
<condition id="-1">
<or_exp><and_exp></and_exp></or_exp>
</condition>

<Node id="12" bw="0" op_0_bw="0" op_1_bw="64" op_2_bw="0" op_3_bw="32" op_4_bw="32" op_5_bw="0" op_6_bw="32" op_7_bw="32" op_8_bw="0" op_9_bw="0" op_10_bw="0" op_11_bw="32" op_12_bw="32" op_13_bw="32" op_14_bw="32" op_15_bw="0" op_16_bw="0">
<![CDATA[
codeRepl:7 %specinterface_ln0 = specinterface void @_ssdm_op_SpecInterface, i64 %filter, void @empty_4, i32 0, i32 0, void @empty_0, i32 0, i32 0, void @empty_5, void @empty_9, void @empty_0, i32 0, i32 0, i32 0, i32 0, void @empty_0, void @empty_7

]]></Node>
<StgValue><ssdm name="specinterface_ln0"/></StgValue>
</operation>

<operation id="64" st_id="18" stage="1" lat="1">
<core>NULL</core>
<MemPortIdVec></MemPortIdVec>
<condition id="-1">
<or_exp><and_exp></and_exp></or_exp>
</condition>

<Node id="13" bw="0" op_0_bw="0" op_1_bw="64" op_2_bw="0" op_3_bw="32" op_4_bw="32" op_5_bw="0" op_6_bw="32" op_7_bw="32" op_8_bw="0" op_9_bw="0" op_10_bw="0" op_11_bw="32" op_12_bw="32" op_13_bw="32" op_14_bw="32" op_15_bw="0" op_16_bw="0">
<![CDATA[
codeRepl:8 %specinterface_ln0 = specinterface void @_ssdm_op_SpecInterface, i64 %filter, void @empty_8, i32 0, i32 0, void @empty_0, i32 0, i32 0, void @empty_0, void @empty_0, void @empty_0, i32 0, i32 0, i32 0, i32 0, void @empty_0, void @empty_7

]]></Node>
<StgValue><ssdm name="specinterface_ln0"/></StgValue>
</operation>

<operation id="65" st_id="18" stage="1" lat="1">
<core>NULL</core>
<MemPortIdVec></MemPortIdVec>
<condition id="-1">
<or_exp><and_exp></and_exp></or_exp>
</condition>

<Node id="14" bw="0" op_0_bw="0" op_1_bw="32" op_2_bw="0" op_3_bw="32" op_4_bw="32" op_5_bw="0" op_6_bw="32" op_7_bw="32" op_8_bw="0" op_9_bw="0" op_10_bw="0" op_11_bw="32" op_12_bw="32" op_13_bw="32" op_14_bw="32" op_15_bw="0" op_16_bw="0">
<![CDATA[
codeRepl:9 %specinterface_ln0 = specinterface void @_ssdm_op_SpecInterface, i32 0, void @empty_4, i32 0, i32 0, void @empty_0, i32 0, i32 0, void @empty_10, void @empty_0, void @empty_0, i32 0, i32 0, i32 0, i32 0, void @empty_0, void @empty_0

]]></Node>
<StgValue><ssdm name="specinterface_ln0"/></StgValue>
</operation>

<operation id="66" st_id="18" stage="1" lat="5">
<core>m_axi</core>
<MemPortIdVec></MemPortIdVec>
<condition id="-1">
<or_exp><and_exp></and_exp></or_exp>
</condition>

<Node id="33" bw="1" op_0_bw="1" op_1_bw="32" op_2_bw="0">
<![CDATA[
codeRepl:28 %empty_23 = writeresp i1 @_ssdm_op_WriteResp.m_axi.p1i32, i64 %gmem0_addr

]]></Node>
<StgValue><ssdm name="empty_23"/></StgValue>
</operation>

<operation id="67" st_id="18" stage="1" lat="1">
<core>NULL</core>
<MemPortIdVec></MemPortIdVec>
<condition id="-1">
<or_exp><and_exp></and_exp></or_exp>
</condition>

<Node id="34" bw="0">
<![CDATA[
codeRepl:29 %ret_ln21 = ret

]]></Node>
<StgValue><ssdm name="ret_ln21"/></StgValue>
</operation>
</state>
</state_list>


<ports>
<port id="85" name="gmem0" dir="2" iftype="4">
<core>NULL</core><StgValue><ssdm name="gmem0"/></StgValue>
</port>
<port id="86" name="gmem1" dir="0" iftype="4">
<core>NULL</core><StgValue><ssdm name="gmem1"/></StgValue>
</port>
<port id="87" name="data" dir="0" iftype="0">
<core>NULL</core><StgValue><ssdm name="data"/></StgValue>
</port>
<port id="88" name="filter" dir="0" iftype="0">
<core>NULL</core><StgValue><ssdm name="filter"/></StgValue>
</port>
<port id="352" name="ap_local_deadlock" dir="1" iftype="6">
<core>NULL</core><StgValue><ssdm name="ap_local_deadlock"/></StgValue>
</port>
</ports>


<dataflows>
<dataflow id="90" from="_ssdm_op_Read.s_axilite.i64" to="filter_read" fromId="89" toId="19">
</dataflow>
<dataflow id="91" from="filter" to="filter_read" fromId="88" toId="19">
</dataflow>
<dataflow id="92" from="_ssdm_op_Read.s_axilite.i64" to="data_read" fromId="89" toId="20">
</dataflow>
<dataflow id="93" from="data" to="data_read" fromId="87" toId="20">
</dataflow>
<dataflow id="95" from="StgValue_94" to="temp" fromId="94" toId="21">
</dataflow>
<dataflow id="97" from="fpga417_fir_Pipeline_1" to="call_ln0" fromId="96" toId="22">
</dataflow>
<dataflow id="98" from="temp" to="call_ln0" fromId="21" toId="22">
</dataflow>
<dataflow id="100" from="_ssdm_op_PartSelect.i62.i64.i32.i32" to="trunc_ln" fromId="99" toId="23">
</dataflow>
<dataflow id="101" from="data_read" to="trunc_ln" fromId="20" toId="23">
</dataflow>
<dataflow id="103" from="StgValue_102" to="trunc_ln" fromId="102" toId="23">
</dataflow>
<dataflow id="105" from="StgValue_104" to="trunc_ln" fromId="104" toId="23">
</dataflow>
<dataflow id="106" from="_ssdm_op_PartSelect.i62.i64.i32.i32" to="p_cast" fromId="99" toId="24">
</dataflow>
<dataflow id="107" from="filter_read" to="p_cast" fromId="19" toId="24">
</dataflow>
<dataflow id="108" from="StgValue_102" to="p_cast" fromId="102" toId="24">
</dataflow>
<dataflow id="109" from="StgValue_104" to="p_cast" fromId="104" toId="24">
</dataflow>
<dataflow id="110" from="p_cast" to="p_cast_cast" fromId="24" toId="25">
</dataflow>
<dataflow id="111" from="gmem1" to="gmem1_addr" fromId="86" toId="26">
</dataflow>
<dataflow id="112" from="p_cast_cast" to="gmem1_addr" fromId="25" toId="26">
</dataflow>
<dataflow id="113" from="fpga417_fir_Pipeline_1" to="call_ln0" fromId="96" toId="27">
</dataflow>
<dataflow id="114" from="temp" to="call_ln0" fromId="21" toId="27">
</dataflow>
<dataflow id="115" from="trunc_ln" to="sext_ln11" fromId="23" toId="28">
</dataflow>
<dataflow id="116" from="gmem0" to="gmem0_addr" fromId="85" toId="29">
</dataflow>
<dataflow id="117" from="sext_ln11" to="gmem0_addr" fromId="28" toId="29">
</dataflow>
<dataflow id="119" from="_ssdm_op_ReadReq.m_axi.p1i32" to="empty" fromId="118" toId="30">
</dataflow>
<dataflow id="120" from="gmem0_addr" to="empty" fromId="29" toId="30">
</dataflow>
<dataflow id="122" from="StgValue_121" to="empty" fromId="121" toId="30">
</dataflow>
<dataflow id="123" from="_ssdm_op_ReadReq.m_axi.p1i32" to="empty_21" fromId="118" toId="31">
</dataflow>
<dataflow id="124" from="gmem1_addr" to="empty_21" fromId="26" toId="31">
</dataflow>
<dataflow id="126" from="StgValue_125" to="empty_21" fromId="125" toId="31">
</dataflow>
<dataflow id="127" from="_ssdm_op_ReadReq.m_axi.p1i32" to="empty" fromId="118" toId="32">
</dataflow>
<dataflow id="128" from="gmem0_addr" to="empty" fromId="29" toId="32">
</dataflow>
<dataflow id="129" from="StgValue_121" to="empty" fromId="121" toId="32">
</dataflow>
<dataflow id="130" from="_ssdm_op_ReadReq.m_axi.p1i32" to="empty_21" fromId="118" toId="33">
</dataflow>
<dataflow id="131" from="gmem1_addr" to="empty_21" fromId="26" toId="33">
</dataflow>
<dataflow id="132" from="StgValue_125" to="empty_21" fromId="125" toId="33">
</dataflow>
<dataflow id="133" from="_ssdm_op_ReadReq.m_axi.p1i32" to="empty" fromId="118" toId="34">
</dataflow>
<dataflow id="134" from="gmem0_addr" to="empty" fromId="29" toId="34">
</dataflow>
<dataflow id="135" from="StgValue_121" to="empty" fromId="121" toId="34">
</dataflow>
<dataflow id="136" from="_ssdm_op_ReadReq.m_axi.p1i32" to="empty_21" fromId="118" toId="35">
</dataflow>
<dataflow id="137" from="gmem1_addr" to="empty_21" fromId="26" toId="35">
</dataflow>
<dataflow id="138" from="StgValue_125" to="empty_21" fromId="125" toId="35">
</dataflow>
<dataflow id="139" from="_ssdm_op_ReadReq.m_axi.p1i32" to="empty" fromId="118" toId="36">
</dataflow>
<dataflow id="140" from="gmem0_addr" to="empty" fromId="29" toId="36">
</dataflow>
<dataflow id="141" from="StgValue_121" to="empty" fromId="121" toId="36">
</dataflow>
<dataflow id="142" from="_ssdm_op_ReadReq.m_axi.p1i32" to="empty_21" fromId="118" toId="37">
</dataflow>
<dataflow id="143" from="gmem1_addr" to="empty_21" fromId="26" toId="37">
</dataflow>
<dataflow id="144" from="StgValue_125" to="empty_21" fromId="125" toId="37">
</dataflow>
<dataflow id="145" from="_ssdm_op_ReadReq.m_axi.p1i32" to="empty" fromId="118" toId="38">
</dataflow>
<dataflow id="146" from="gmem0_addr" to="empty" fromId="29" toId="38">
</dataflow>
<dataflow id="147" from="StgValue_121" to="empty" fromId="121" toId="38">
</dataflow>
<dataflow id="148" from="_ssdm_op_ReadReq.m_axi.p1i32" to="empty_21" fromId="118" toId="39">
</dataflow>
<dataflow id="149" from="gmem1_addr" to="empty_21" fromId="26" toId="39">
</dataflow>
<dataflow id="150" from="StgValue_125" to="empty_21" fromId="125" toId="39">
</dataflow>
<dataflow id="151" from="_ssdm_op_ReadReq.m_axi.p1i32" to="empty" fromId="118" toId="40">
</dataflow>
<dataflow id="152" from="gmem0_addr" to="empty" fromId="29" toId="40">
</dataflow>
<dataflow id="153" from="StgValue_121" to="empty" fromId="121" toId="40">
</dataflow>
<dataflow id="154" from="_ssdm_op_ReadReq.m_axi.p1i32" to="empty_21" fromId="118" toId="41">
</dataflow>
<dataflow id="155" from="gmem1_addr" to="empty_21" fromId="26" toId="41">
</dataflow>
<dataflow id="156" from="StgValue_125" to="empty_21" fromId="125" toId="41">
</dataflow>
<dataflow id="157" from="_ssdm_op_ReadReq.m_axi.p1i32" to="empty" fromId="118" toId="42">
</dataflow>
<dataflow id="158" from="gmem0_addr" to="empty" fromId="29" toId="42">
</dataflow>
<dataflow id="159" from="StgValue_121" to="empty" fromId="121" toId="42">
</dataflow>
<dataflow id="160" from="_ssdm_op_ReadReq.m_axi.p1i32" to="empty_21" fromId="118" toId="43">
</dataflow>
<dataflow id="161" from="gmem1_addr" to="empty_21" fromId="26" toId="43">
</dataflow>
<dataflow id="162" from="StgValue_125" to="empty_21" fromId="125" toId="43">
</dataflow>
<dataflow id="164" from="fpga417_fir_Pipeline_VITIS_LOOP_11_1" to="call_ln11" fromId="163" toId="44">
</dataflow>
<dataflow id="165" from="gmem0" to="call_ln11" fromId="85" toId="44">
</dataflow>
<dataflow id="166" from="trunc_ln" to="call_ln11" fromId="23" toId="44">
</dataflow>
<dataflow id="167" from="temp" to="call_ln11" fromId="21" toId="44">
</dataflow>
<dataflow id="168" from="fpga417_fir_Pipeline_VITIS_LOOP_11_1" to="call_ln11" fromId="163" toId="45">
</dataflow>
<dataflow id="169" from="gmem0" to="call_ln11" fromId="85" toId="45">
</dataflow>
<dataflow id="170" from="trunc_ln" to="call_ln11" fromId="23" toId="45">
</dataflow>
<dataflow id="171" from="temp" to="call_ln11" fromId="21" toId="45">
</dataflow>
<dataflow id="173" from="_ssdm_op_Read.m_axi.p1i32" to="gmem1_addr_read" fromId="172" toId="46">
</dataflow>
<dataflow id="174" from="gmem1_addr" to="gmem1_addr_read" fromId="26" toId="46">
</dataflow>
<dataflow id="175" from="_ssdm_op_Read.m_axi.p1i32" to="gmem1_addr_read_1" fromId="172" toId="47">
</dataflow>
<dataflow id="176" from="gmem1_addr" to="gmem1_addr_read_1" fromId="26" toId="47">
</dataflow>
<dataflow id="178" from="_ssdm_op_WriteReq.m_axi.p1i32" to="empty_22" fromId="177" toId="48">
</dataflow>
<dataflow id="179" from="gmem0_addr" to="empty_22" fromId="29" toId="48">
</dataflow>
<dataflow id="180" from="StgValue_121" to="empty_22" fromId="121" toId="48">
</dataflow>
<dataflow id="181" from="_ssdm_op_Read.m_axi.p1i32" to="gmem1_addr_read_2" fromId="172" toId="49">
</dataflow>
<dataflow id="182" from="gmem1_addr" to="gmem1_addr_read_2" fromId="26" toId="49">
</dataflow>
<dataflow id="184" from="fpga417_fir_Pipeline_VITIS_LOOP_15_2" to="call_ln11" fromId="183" toId="50">
</dataflow>
<dataflow id="185" from="gmem0" to="call_ln11" fromId="85" toId="50">
</dataflow>
<dataflow id="186" from="trunc_ln" to="call_ln11" fromId="23" toId="50">
</dataflow>
<dataflow id="187" from="temp" to="call_ln11" fromId="21" toId="50">
</dataflow>
<dataflow id="188" from="gmem1_addr_read" to="call_ln11" fromId="46" toId="50">
</dataflow>
<dataflow id="189" from="gmem1_addr_read_1" to="call_ln11" fromId="47" toId="50">
</dataflow>
<dataflow id="190" from="gmem1_addr_read_2" to="call_ln11" fromId="49" toId="50">
</dataflow>
<dataflow id="191" from="fpga417_fir_Pipeline_VITIS_LOOP_15_2" to="call_ln11" fromId="183" toId="51">
</dataflow>
<dataflow id="192" from="gmem0" to="call_ln11" fromId="85" toId="51">
</dataflow>
<dataflow id="193" from="trunc_ln" to="call_ln11" fromId="23" toId="51">
</dataflow>
<dataflow id="194" from="temp" to="call_ln11" fromId="21" toId="51">
</dataflow>
<dataflow id="195" from="gmem1_addr_read" to="call_ln11" fromId="46" toId="51">
</dataflow>
<dataflow id="196" from="gmem1_addr_read_1" to="call_ln11" fromId="47" toId="51">
</dataflow>
<dataflow id="197" from="gmem1_addr_read_2" to="call_ln11" fromId="49" toId="51">
</dataflow>
<dataflow id="199" from="_ssdm_op_WriteResp.m_axi.p1i32" to="empty_23" fromId="198" toId="52">
</dataflow>
<dataflow id="200" from="gmem0_addr" to="empty_23" fromId="29" toId="52">
</dataflow>
<dataflow id="201" from="_ssdm_op_WriteResp.m_axi.p1i32" to="empty_23" fromId="198" toId="53">
</dataflow>
<dataflow id="202" from="gmem0_addr" to="empty_23" fromId="29" toId="53">
</dataflow>
<dataflow id="203" from="_ssdm_op_WriteResp.m_axi.p1i32" to="empty_23" fromId="198" toId="54">
</dataflow>
<dataflow id="204" from="gmem0_addr" to="empty_23" fromId="29" toId="54">
</dataflow>
<dataflow id="205" from="_ssdm_op_WriteResp.m_axi.p1i32" to="empty_23" fromId="198" toId="55">
</dataflow>
<dataflow id="206" from="gmem0_addr" to="empty_23" fromId="29" toId="55">
</dataflow>
<dataflow id="208" from="_ssdm_op_SpecTopModule" to="spectopmodule_ln0" fromId="207" toId="56">
</dataflow>
<dataflow id="210" from="empty_11" to="spectopmodule_ln0" fromId="209" toId="56">
</dataflow>
<dataflow id="212" from="_ssdm_op_SpecInterface" to="specinterface_ln0" fromId="211" toId="57">
</dataflow>
<dataflow id="213" from="gmem0" to="specinterface_ln0" fromId="85" toId="57">
</dataflow>
<dataflow id="215" from="empty" to="specinterface_ln0" fromId="214" toId="57">
</dataflow>
<dataflow id="217" from="StgValue_216" to="specinterface_ln0" fromId="216" toId="57">
</dataflow>
<dataflow id="218" from="StgValue_216" to="specinterface_ln0" fromId="216" toId="57">
</dataflow>
<dataflow id="220" from="empty_0" to="specinterface_ln0" fromId="219" toId="57">
</dataflow>
<dataflow id="221" from="StgValue_216" to="specinterface_ln0" fromId="216" toId="57">
</dataflow>
<dataflow id="222" from="StgValue_216" to="specinterface_ln0" fromId="216" toId="57">
</dataflow>
<dataflow id="224" from="empty_1" to="specinterface_ln0" fromId="223" toId="57">
</dataflow>
<dataflow id="226" from="empty_2" to="specinterface_ln0" fromId="225" toId="57">
</dataflow>
<dataflow id="227" from="empty_0" to="specinterface_ln0" fromId="219" toId="57">
</dataflow>
<dataflow id="229" from="StgValue_228" to="specinterface_ln0" fromId="228" toId="57">
</dataflow>
<dataflow id="230" from="StgValue_228" to="specinterface_ln0" fromId="228" toId="57">
</dataflow>
<dataflow id="231" from="StgValue_228" to="specinterface_ln0" fromId="228" toId="57">
</dataflow>
<dataflow id="232" from="StgValue_228" to="specinterface_ln0" fromId="228" toId="57">
</dataflow>
<dataflow id="233" from="empty_0" to="specinterface_ln0" fromId="219" toId="57">
</dataflow>
<dataflow id="234" from="empty_0" to="specinterface_ln0" fromId="219" toId="57">
</dataflow>
<dataflow id="236" from="_ssdm_op_SpecBitsMap" to="specbitsmap_ln0" fromId="235" toId="58">
</dataflow>
<dataflow id="237" from="gmem0" to="specbitsmap_ln0" fromId="85" toId="58">
</dataflow>
<dataflow id="238" from="_ssdm_op_SpecInterface" to="specinterface_ln0" fromId="211" toId="59">
</dataflow>
<dataflow id="239" from="gmem1" to="specinterface_ln0" fromId="86" toId="59">
</dataflow>
<dataflow id="240" from="empty" to="specinterface_ln0" fromId="214" toId="59">
</dataflow>
<dataflow id="241" from="StgValue_216" to="specinterface_ln0" fromId="216" toId="59">
</dataflow>
<dataflow id="242" from="StgValue_216" to="specinterface_ln0" fromId="216" toId="59">
</dataflow>
<dataflow id="243" from="empty_0" to="specinterface_ln0" fromId="219" toId="59">
</dataflow>
<dataflow id="244" from="StgValue_216" to="specinterface_ln0" fromId="216" toId="59">
</dataflow>
<dataflow id="245" from="StgValue_216" to="specinterface_ln0" fromId="216" toId="59">
</dataflow>
<dataflow id="247" from="empty_3" to="specinterface_ln0" fromId="246" toId="59">
</dataflow>
<dataflow id="248" from="empty_2" to="specinterface_ln0" fromId="225" toId="59">
</dataflow>
<dataflow id="249" from="empty_0" to="specinterface_ln0" fromId="219" toId="59">
</dataflow>
<dataflow id="250" from="StgValue_228" to="specinterface_ln0" fromId="228" toId="59">
</dataflow>
<dataflow id="251" from="StgValue_228" to="specinterface_ln0" fromId="228" toId="59">
</dataflow>
<dataflow id="252" from="StgValue_228" to="specinterface_ln0" fromId="228" toId="59">
</dataflow>
<dataflow id="253" from="StgValue_228" to="specinterface_ln0" fromId="228" toId="59">
</dataflow>
<dataflow id="254" from="empty_0" to="specinterface_ln0" fromId="219" toId="59">
</dataflow>
<dataflow id="255" from="empty_0" to="specinterface_ln0" fromId="219" toId="59">
</dataflow>
<dataflow id="256" from="_ssdm_op_SpecBitsMap" to="specbitsmap_ln0" fromId="235" toId="60">
</dataflow>
<dataflow id="257" from="gmem1" to="specbitsmap_ln0" fromId="86" toId="60">
</dataflow>
<dataflow id="258" from="_ssdm_op_SpecInterface" to="specinterface_ln0" fromId="211" toId="61">
</dataflow>
<dataflow id="259" from="data" to="specinterface_ln0" fromId="87" toId="61">
</dataflow>
<dataflow id="261" from="empty_4" to="specinterface_ln0" fromId="260" toId="61">
</dataflow>
<dataflow id="262" from="StgValue_216" to="specinterface_ln0" fromId="216" toId="61">
</dataflow>
<dataflow id="263" from="StgValue_216" to="specinterface_ln0" fromId="216" toId="61">
</dataflow>
<dataflow id="264" from="empty_0" to="specinterface_ln0" fromId="219" toId="61">
</dataflow>
<dataflow id="265" from="StgValue_216" to="specinterface_ln0" fromId="216" toId="61">
</dataflow>
<dataflow id="266" from="StgValue_216" to="specinterface_ln0" fromId="216" toId="61">
</dataflow>
<dataflow id="268" from="empty_5" to="specinterface_ln0" fromId="267" toId="61">
</dataflow>
<dataflow id="270" from="empty_6" to="specinterface_ln0" fromId="269" toId="61">
</dataflow>
<dataflow id="271" from="empty_0" to="specinterface_ln0" fromId="219" toId="61">
</dataflow>
<dataflow id="272" from="StgValue_216" to="specinterface_ln0" fromId="216" toId="61">
</dataflow>
<dataflow id="273" from="StgValue_216" to="specinterface_ln0" fromId="216" toId="61">
</dataflow>
<dataflow id="274" from="StgValue_216" to="specinterface_ln0" fromId="216" toId="61">
</dataflow>
<dataflow id="275" from="StgValue_216" to="specinterface_ln0" fromId="216" toId="61">
</dataflow>
<dataflow id="276" from="empty_0" to="specinterface_ln0" fromId="219" toId="61">
</dataflow>
<dataflow id="278" from="empty_7" to="specinterface_ln0" fromId="277" toId="61">
</dataflow>
<dataflow id="279" from="_ssdm_op_SpecInterface" to="specinterface_ln0" fromId="211" toId="62">
</dataflow>
<dataflow id="280" from="data" to="specinterface_ln0" fromId="87" toId="62">
</dataflow>
<dataflow id="282" from="empty_8" to="specinterface_ln0" fromId="281" toId="62">
</dataflow>
<dataflow id="283" from="StgValue_216" to="specinterface_ln0" fromId="216" toId="62">
</dataflow>
<dataflow id="284" from="StgValue_216" to="specinterface_ln0" fromId="216" toId="62">
</dataflow>
<dataflow id="285" from="empty_0" to="specinterface_ln0" fromId="219" toId="62">
</dataflow>
<dataflow id="286" from="StgValue_216" to="specinterface_ln0" fromId="216" toId="62">
</dataflow>
<dataflow id="287" from="StgValue_216" to="specinterface_ln0" fromId="216" toId="62">
</dataflow>
<dataflow id="288" from="empty_0" to="specinterface_ln0" fromId="219" toId="62">
</dataflow>
<dataflow id="289" from="empty_0" to="specinterface_ln0" fromId="219" toId="62">
</dataflow>
<dataflow id="290" from="empty_0" to="specinterface_ln0" fromId="219" toId="62">
</dataflow>
<dataflow id="291" from="StgValue_216" to="specinterface_ln0" fromId="216" toId="62">
</dataflow>
<dataflow id="292" from="StgValue_216" to="specinterface_ln0" fromId="216" toId="62">
</dataflow>
<dataflow id="293" from="StgValue_216" to="specinterface_ln0" fromId="216" toId="62">
</dataflow>
<dataflow id="294" from="StgValue_216" to="specinterface_ln0" fromId="216" toId="62">
</dataflow>
<dataflow id="295" from="empty_0" to="specinterface_ln0" fromId="219" toId="62">
</dataflow>
<dataflow id="296" from="empty_7" to="specinterface_ln0" fromId="277" toId="62">
</dataflow>
<dataflow id="297" from="_ssdm_op_SpecInterface" to="specinterface_ln0" fromId="211" toId="63">
</dataflow>
<dataflow id="298" from="filter" to="specinterface_ln0" fromId="88" toId="63">
</dataflow>
<dataflow id="299" from="empty_4" to="specinterface_ln0" fromId="260" toId="63">
</dataflow>
<dataflow id="300" from="StgValue_216" to="specinterface_ln0" fromId="216" toId="63">
</dataflow>
<dataflow id="301" from="StgValue_216" to="specinterface_ln0" fromId="216" toId="63">
</dataflow>
<dataflow id="302" from="empty_0" to="specinterface_ln0" fromId="219" toId="63">
</dataflow>
<dataflow id="303" from="StgValue_216" to="specinterface_ln0" fromId="216" toId="63">
</dataflow>
<dataflow id="304" from="StgValue_216" to="specinterface_ln0" fromId="216" toId="63">
</dataflow>
<dataflow id="305" from="empty_5" to="specinterface_ln0" fromId="267" toId="63">
</dataflow>
<dataflow id="307" from="empty_9" to="specinterface_ln0" fromId="306" toId="63">
</dataflow>
<dataflow id="308" from="empty_0" to="specinterface_ln0" fromId="219" toId="63">
</dataflow>
<dataflow id="309" from="StgValue_216" to="specinterface_ln0" fromId="216" toId="63">
</dataflow>
<dataflow id="310" from="StgValue_216" to="specinterface_ln0" fromId="216" toId="63">
</dataflow>
<dataflow id="311" from="StgValue_216" to="specinterface_ln0" fromId="216" toId="63">
</dataflow>
<dataflow id="312" from="StgValue_216" to="specinterface_ln0" fromId="216" toId="63">
</dataflow>
<dataflow id="313" from="empty_0" to="specinterface_ln0" fromId="219" toId="63">
</dataflow>
<dataflow id="314" from="empty_7" to="specinterface_ln0" fromId="277" toId="63">
</dataflow>
<dataflow id="315" from="_ssdm_op_SpecInterface" to="specinterface_ln0" fromId="211" toId="64">
</dataflow>
<dataflow id="316" from="filter" to="specinterface_ln0" fromId="88" toId="64">
</dataflow>
<dataflow id="317" from="empty_8" to="specinterface_ln0" fromId="281" toId="64">
</dataflow>
<dataflow id="318" from="StgValue_216" to="specinterface_ln0" fromId="216" toId="64">
</dataflow>
<dataflow id="319" from="StgValue_216" to="specinterface_ln0" fromId="216" toId="64">
</dataflow>
<dataflow id="320" from="empty_0" to="specinterface_ln0" fromId="219" toId="64">
</dataflow>
<dataflow id="321" from="StgValue_216" to="specinterface_ln0" fromId="216" toId="64">
</dataflow>
<dataflow id="322" from="StgValue_216" to="specinterface_ln0" fromId="216" toId="64">
</dataflow>
<dataflow id="323" from="empty_0" to="specinterface_ln0" fromId="219" toId="64">
</dataflow>
<dataflow id="324" from="empty_0" to="specinterface_ln0" fromId="219" toId="64">
</dataflow>
<dataflow id="325" from="empty_0" to="specinterface_ln0" fromId="219" toId="64">
</dataflow>
<dataflow id="326" from="StgValue_216" to="specinterface_ln0" fromId="216" toId="64">
</dataflow>
<dataflow id="327" from="StgValue_216" to="specinterface_ln0" fromId="216" toId="64">
</dataflow>
<dataflow id="328" from="StgValue_216" to="specinterface_ln0" fromId="216" toId="64">
</dataflow>
<dataflow id="329" from="StgValue_216" to="specinterface_ln0" fromId="216" toId="64">
</dataflow>
<dataflow id="330" from="empty_0" to="specinterface_ln0" fromId="219" toId="64">
</dataflow>
<dataflow id="331" from="empty_7" to="specinterface_ln0" fromId="277" toId="64">
</dataflow>
<dataflow id="332" from="_ssdm_op_SpecInterface" to="specinterface_ln0" fromId="211" toId="65">
</dataflow>
<dataflow id="333" from="StgValue_216" to="specinterface_ln0" fromId="216" toId="65">
</dataflow>
<dataflow id="334" from="empty_4" to="specinterface_ln0" fromId="260" toId="65">
</dataflow>
<dataflow id="335" from="StgValue_216" to="specinterface_ln0" fromId="216" toId="65">
</dataflow>
<dataflow id="336" from="StgValue_216" to="specinterface_ln0" fromId="216" toId="65">
</dataflow>
<dataflow id="337" from="empty_0" to="specinterface_ln0" fromId="219" toId="65">
</dataflow>
<dataflow id="338" from="StgValue_216" to="specinterface_ln0" fromId="216" toId="65">
</dataflow>
<dataflow id="339" from="StgValue_216" to="specinterface_ln0" fromId="216" toId="65">
</dataflow>
<dataflow id="341" from="empty_10" to="specinterface_ln0" fromId="340" toId="65">
</dataflow>
<dataflow id="342" from="empty_0" to="specinterface_ln0" fromId="219" toId="65">
</dataflow>
<dataflow id="343" from="empty_0" to="specinterface_ln0" fromId="219" toId="65">
</dataflow>
<dataflow id="344" from="StgValue_216" to="specinterface_ln0" fromId="216" toId="65">
</dataflow>
<dataflow id="345" from="StgValue_216" to="specinterface_ln0" fromId="216" toId="65">
</dataflow>
<dataflow id="346" from="StgValue_216" to="specinterface_ln0" fromId="216" toId="65">
</dataflow>
<dataflow id="347" from="StgValue_216" to="specinterface_ln0" fromId="216" toId="65">
</dataflow>
<dataflow id="348" from="empty_0" to="specinterface_ln0" fromId="219" toId="65">
</dataflow>
<dataflow id="349" from="empty_0" to="specinterface_ln0" fromId="219" toId="65">
</dataflow>
<dataflow id="350" from="_ssdm_op_WriteResp.m_axi.p1i32" to="empty_23" fromId="198" toId="66">
</dataflow>
<dataflow id="351" from="gmem0_addr" to="empty_23" fromId="29" toId="66">
</dataflow>
</dataflows>


</stg>
