<profile>

<section name = "Vitis HLS Report for 'fpga417_fir_Pipeline_VITIS_LOOP_11_1'" level="0">
<item name = "Date">Wed Apr  2 16:07:56 2025
</item>
<item name = "Version">2021.2 (Build 3367213 on Tue Oct 19 02:48:09 MDT 2021)</item>
<item name = "Project">Lab4</item>
<item name = "Solution">solution1 (Vivado IP Flow Target)</item>
<item name = "Product family">zynq</item>
<item name = "Target device">xc7z010i-clg225-1L</item>
</section>

<section name = "Performance Estimates" level="0">
<item name = "Timing">
<section name = "" level="1">
<item name = "Summary"><table name="" hasTotal="0">
<keys size="4">Clock, Target, Estimated, Uncertainty</keys>
<column name="ap_clk">10.00 ns, 7.300 ns, 2.70 ns</column>
</table>
</item>
</section>
</item>
<item name = "Latency">
<section name = "" level="1">
<item name = "Summary"><table name="" hasTotal="0">
<keys size="8">, min, max, min, max, min, max, Type</keys>
<column name="">11, 11, 0.110 us, 0.110 us, 11, 11, no</column>
</table>
</item>
<item name = "Detail">
<section name = "" level="1">
<item name = "Instance"><table name="" hasTotal="0">
<keys size="9">Instance, Module, min, max, min, max, min, max, Type</keys>
</table>
</item>
<item name = "Loop"><table name="" hasTotal="0">
<keys size="8">Loop Name, min, max, Latency, achieved, target, Count, Pipelined</keys>
<column name="- VITIS_LOOP_11_1">9, 9, 3, 1, 1, 8, yes</column>
</table>
</item>
</section>
</item>
</section>
</item>
</section>
</profile>
