<stg><name>fpga417_fir</name>


<trans_list>

<trans id="68" from="1" to="2">
<condition id="-1">
<or_exp><and_exp></and_exp></or_exp>
</condition>
</trans>

<trans id="69" from="2" to="3">
<condition id="-1">
<or_exp><and_exp></and_exp></or_exp>
</condition>
</trans>

<trans id="70" from="3" to="4">
<condition id="-1">
<or_exp><and_exp></and_exp></or_exp>
</condition>
</trans>

<trans id="71" from="4" to="5">
<condition id="-1">
<or_exp><and_exp></and_exp></or_exp>
</condition>
</trans>

<trans id="72" from="5" to="6">
<condition id="-1">
<or_exp><and_exp></and_exp></or_exp>
</condition>
</trans>

<trans id="73" from="6" to="7">
<condition id="-1">
<or_exp><and_exp></and_exp></or_exp>
</condition>
</trans>

<trans id="74" from="7" to="8">
<condition id="-1">
<or_exp><and_exp></and_exp></or_exp>
</condition>
</trans>

<trans id="75" from="8" to="9">
<condition id="-1">
<or_exp><and_exp></and_exp></or_exp>
</condition>
</trans>

<trans id="76" from="9" to="10">
<condition id="-1">
<or_exp><and_exp></and_exp></or_exp>
</condition>
</trans>

<trans id="77" from="10" to="11">
<condition id="-1">
<or_exp><and_exp></and_exp></or_exp>
</condition>
</trans>

<trans id="78" from="11" to="12">
<condition id="-1">
<or_exp><and_exp></and_exp></or_exp>
</condition>
</trans>

<trans id="79" from="12" to="13">
<condition id="-1">
<or_exp><and_exp></and_exp></or_exp>
</condition>
</trans>

<trans id="80" from="13" to="14">
<condition id="-1">
<or_exp><and_exp></and_exp></or_exp>
</condition>
</trans>

<trans id="81" from="14" to="15">
<condition id="-1">
<or_exp><and_exp></and_exp></or_exp>
</condition>
</trans>

<trans id="82" from="15" to="16">
<condition id="-1">
<or_exp><and_exp></and_exp></or_exp>
</condition>
</trans>

<trans id="83" from="16" to="17">
<condition id="-1">
<or_exp><and_exp></and_exp></or_exp>
</condition>
</trans>

<trans id="84" from="17" to="18">
<condition id="-1">
<or_exp><and_exp></and_exp></or_exp>
</condition>
</trans>
</trans_list>



<state_list>

<state id="1" st_id="1">

<operation id="19" st_id="1" stage="1" lat="1">
<core>s_axilite</core>
<MemPortIdVec></MemPortIdVec>
<condition id="-1">
<or_exp><and_exp></and_exp></or_exp>
</condition>

<Node id="15" bw="64" op_0_bw="64" op_1_bw="64">
<![CDATA[
codeRepl:10 %filter_read = read i64 @_ssdm_op_Read.s_axilite.i64, i64 %filter

]]></Node>
<StgValue><ssdm name="filter_read"/></StgValue>
</operation>

<operation id="20" st_id="1" stage="1" lat="1">
<core>s_axilite</core>
<MemPortIdVec></MemPortIdVec>
<condition id="-1">
<or_exp><and_exp></and_exp></or_exp>
</condition>

<Node id="16" bw="64" op_0_bw="64" op_1_bw="64">
<![CDATA[
codeRepl:11 %data_read = read i64 @_ssdm_op_Read.s_axilite.i64, i64 %data

]]></Node>
<StgValue><ssdm name="data_read"/></StgValue>
</operation>

<operation id="21" st_id="1" stage="1" lat="1">
<core>NULL</core>
<MemPortIdVec></MemPortIdVec>
<condition id="-1">
<or_exp><and_exp></and_exp></or_exp>
</condition>

<Node id="17" bw="32" op_0_bw="64">
<![CDATA[
codeRepl:12 %temp = alloca i64 1

]]></Node>
<StgValue><ssdm name="temp"/></StgValue>
</operation>

<operation id="22" st_id="1" stage="2" lat="2">
<core></core>
<MemPortIdVec></MemPortIdVec>
<condition id="-1">
<or_exp><and_exp></and_exp></or_exp>
</condition>

<Node id="18" bw="0" op_0_bw="0" op_1_bw="32">
<![CDATA[
codeRepl:13 %call_ln0 = call void @fpga417_fir_Pipeline_1, i32 %temp

]]></Node>
<StgValue><ssdm name="call_ln0"/></StgValue>
</operation>

<operation id="23" st_id="1" stage="1" lat="1">
<core>NULL</core>
<MemPortIdVec></MemPortIdVec>
<condition id="-1">
<or_exp><and_exp></and_exp></or_exp>
</condition>

<Node id="19" bw="62" op_0_bw="62" op_1_bw="64" op_2_bw="32" op_3_bw="32">
<![CDATA[
codeRepl:14 %trunc_ln = partselect i62 @_ssdm_op_PartSelect.i62.i64.i32.i32, i64 %data_read, i32 2, i32 63

]]></Node>
<StgValue><ssdm name="trunc_ln"/></StgValue>
</operation>

<operation id="24" st_id="1" stage="1" lat="1">
<core>NULL</core>
<MemPortIdVec></MemPortIdVec>
<condition id="-1">
<or_exp><and_exp></and_exp></or_exp>
</condition>

<Node id="24" bw="62" op_0_bw="62" op_1_bw="64" op_2_bw="32" op_3_bw="32">
<![CDATA[
codeRepl:19 %p_cast = partselect i62 @_ssdm_op_PartSelect.i62.i64.i32.i32, i64 %filter_read, i32 2, i32 63

]]></Node>
<StgValue><ssdm name="p_cast"/></StgValue>
</operation>

<operation id="25" st_id="1" stage="1" lat="1">
<core>NULL</core>
<MemPortIdVec></MemPortIdVec>
<condition id="-1">
<or_exp><and_exp></and_exp></or_exp>
</condition>

<Node id="25" bw="64" op_0_bw="62">
<![CDATA[
codeRepl:20 %p_cast_cast = sext i62 %p_cast

]]></Node>
<StgValue><ssdm name="p_cast_cast"/></StgValue>
</operation>

<operation id="26" st_id="1" stage="1" lat="1">
<core>NULL</core>
<MemPortIdVec></MemPortIdVec>
<condition id="-1">
<or_exp><and_exp></and_exp></or_exp>
</condition>

<Node id="26" bw="32" op_0_bw="32" op_1_bw="64">
<![CDATA[
codeRepl:21 %gmem1_addr = getelementptr i32 %gmem1, i64 %p_cast_cast

]]></Node>
<StgValue><ssdm name="gmem1_addr"/></StgValue>
</operation>
</state>

<state id="2" st_id="2">

<operation id="27" st_id="2" stage="1" lat="2">
<core></core>
<MemPortIdVec></MemPortIdVec>
<condition id="-1">
<or_exp><and_exp></and_exp></or_exp>
</condition>

<Node id="18" bw="0" op_0_bw="0" op_1_bw="32">
<![CDATA[
codeRepl:13 %call_ln0 = call void @fpga417_fir_Pipeline_1, i32 %temp

]]></Node>
<StgValue><ssdm name="call_ln0"/></StgValue>
</operation>

<operation id="28" st_id="2" stage="1" lat="1">
<core>NULL</core>
<MemPortIdVec></MemPortIdVec>
<condition id="-1">
<or_exp><and_exp></and_exp></or_exp>
</condition>

<Node id="20" bw="64" op_0_bw="62">
<![CDATA[
codeRepl:15 %sext_ln11 = sext i62 %trunc_ln

]]></Node>
<StgValue><ssdm name="sext_ln11"/></StgValue>
</operation>

<operation id="29" st_id="2" stage="1" lat="1">
<core>NULL</core>
<MemPortIdVec></MemPortIdVec>
<condition id="-1">
<or_exp><and_exp></and_exp></or_exp>
</condition>

<Node id="21" bw="32" op_0_bw="32" op_1_bw="64">
<![CDATA[
codeRepl:16 %gmem0_addr = getelementptr i32 %gmem0, i64 %sext_ln11

]]></Node>
<StgValue><ssdm name="gmem0_addr"/></StgValue>
</operation>

<operation id="30" st_id="2" stage="7" lat="7">
<core>m_axi</core>
<MemPortIdVec></MemPortIdVec>
<condition id="-1">
<or_exp><and_exp></and_exp></or_exp>
</condition>

<Node id="22" bw="1" op_0_bw="1" op_1_bw="32" op_2_bw="32">
<![CDATA[
codeRepl:17 %empty = readreq i1 @_ssdm_op_ReadReq.m_axi.p1i32, i32 %gmem0_addr, i32 8

]]></Node>
<StgValue><ssdm name="empty"/></StgValue>
</operation>

<operation id="31" st_id="2" stage="7" lat="7">
<core>m_axi</core>
<MemPortIdVec></MemPortIdVec>
<condition id="-1">
<or_exp><and_exp></and_exp></or_exp>
</condition>

<Node id="27" bw="1" op_0_bw="1" op_1_bw="32" op_2_bw="32">
<![CDATA[
codeRepl:22 %empty_21 = readreq i1 @_ssdm_op_ReadReq.m_axi.p1i32, i32 %gmem1_addr, i32 3

]]></Node>
<StgValue><ssdm name="empty_21"/></StgValue>
</operation>
</state>

<state id="3" st_id="3">

<operation id="32" st_id="3" stage="6" lat="7">
<core>m_axi</core>
<MemPortIdVec></MemPortIdVec>
<condition id="-1">
<or_exp><and_exp></and_exp></or_exp>
</condition>

<Node id="22" bw="1" op_0_bw="1" op_1_bw="32" op_2_bw="32">
<![CDATA[
codeRepl:17 %empty = readreq i1 @_ssdm_op_ReadReq.m_axi.p1i32, i32 %gmem0_addr, i32 8

]]></Node>
<StgValue><ssdm name="empty"/></StgValue>
</operation>

<operation id="33" st_id="3" stage="6" lat="7">
<core>m_axi</core>
<MemPortIdVec></MemPortIdVec>
<condition id="-1">
<or_exp><and_exp></and_exp></or_exp>
</condition>

<Node id="27" bw="1" op_0_bw="1" op_1_bw="32" op_2_bw="32">
<![CDATA[
codeRepl:22 %empty_21 = readreq i1 @_ssdm_op_ReadReq.m_axi.p1i32, i32 %gmem1_addr, i32 3

]]></Node>
<StgValue><ssdm name="empty_21"/></StgValue>
</operation>
</state>

<state id="4" st_id="4">

<operation id="34" st_id="4" stage="5" lat="7">
<core>m_axi</core>
<MemPortIdVec></MemPortIdVec>
<condition id="-1">
<or_exp><and_exp></and_exp></or_exp>
</condition>

<Node id="22" bw="1" op_0_bw="1" op_1_bw="32" op_2_bw="32">
<![CDATA[
codeRepl:17 %empty = readreq i1 @_ssdm_op_ReadReq.m_axi.p1i32, i32 %gmem0_addr, i32 8

]]></Node>
<StgValue><ssdm name="empty"/></StgValue>
</operation>

<operation id="35" st_id="4" stage="5" lat="7">
<core>m_axi</core>
<MemPortIdVec></MemPortIdVec>
<condition id="-1">
<or_exp><and_exp></and_exp></or_exp>
</condition>

<Node id="27" bw="1" op_0_bw="1" op_1_bw="32" op_2_bw="32">
<![CDATA[
codeRepl:22 %empty_21 = readreq i1 @_ssdm_op_ReadReq.m_axi.p1i32, i32 %gmem1_addr, i32 3

]]></Node>
<StgValue><ssdm name="empty_21"/></StgValue>
</operation>
</state>

<state id="5" st_id="5">

<operation id="36" st_id="5" stage="4" lat="7">
<core>m_axi</core>
<MemPortIdVec></MemPortIdVec>
<condition id="-1">
<or_exp><and_exp></and_exp></or_exp>
</condition>

<Node id="22" bw="1" op_0_bw="1" op_1_bw="32" op_2_bw="32">
<![CDATA[
codeRepl:17 %empty = readreq i1 @_ssdm_op_ReadReq.m_axi.p1i32, i32 %gmem0_addr, i32 8

]]></Node>
<StgValue><ssdm name="empty"/></StgValue>
</operation>

<operation id="37" st_id="5" stage="4" lat="7">
<core>m_axi</core>
<MemPortIdVec></MemPortIdVec>
<condition id="-1">
<or_exp><and_exp></and_exp></or_exp>
</condition>

<Node id="27" bw="1" op_0_bw="1" op_1_bw="32" op_2_bw="32">
<![CDATA[
codeRepl:22 %empty_21 = readreq i1 @_ssdm_op_ReadReq.m_axi.p1i32, i32 %gmem1_addr, i32 3

]]></Node>
<StgValue><ssdm name="empty_21"/></StgValue>
</operation>
</state>

<state id="6" st_id="6">

<operation id="38" st_id="6" stage="3" lat="7">
<core>m_axi</core>
<MemPortIdVec></MemPortIdVec>
<condition id="-1">
<or_exp><and_exp></and_exp></or_exp>
</condition>

<Node id="22" bw="1" op_0_bw="1" op_1_bw="32" op_2_bw="32">
<![CDATA[
codeRepl:17 %empty = readreq i1 @_ssdm_op_ReadReq.m_axi.p1i32, i32 %gmem0_addr, i32 8

]]></Node>
<StgValue><ssdm name="empty"/></StgValue>
</operation>

<operation id="39" st_id="6" stage="3" lat="7">
<core>m_axi</core>
<MemPortIdVec></MemPortIdVec>
<condition id="-1">
<or_exp><and_exp></and_exp></or_exp>
</condition>

<Node id="27" bw="1" op_0_bw="1" op_1_bw="32" op_2_bw="32">
<![CDATA[
codeRepl:22 %empty_21 = readreq i1 @_ssdm_op_ReadReq.m_axi.p1i32, i32 %gmem1_addr, i32 3

]]></Node>
<StgValue><ssdm name="empty_21"/></StgValue>
</operation>
</state>

<state id="7" st_id="7">

<operation id="40" st_id="7" stage="2" lat="7">
<core>m_axi</core>
<MemPortIdVec></MemPortIdVec>
<condition id="-1">
<or_exp><and_exp></and_exp></or_exp>
</condition>

<Node id="22" bw="1" op_0_bw="1" op_1_bw="32" op_2_bw="32">
<![CDATA[
codeRepl:17 %empty = readreq i1 @_ssdm_op_ReadReq.m_axi.p1i32, i32 %gmem0_addr, i32 8

]]></Node>
<StgValue><ssdm name="empty"/></StgValue>
</operation>

<operation id="41" st_id="7" stage="2" lat="7">
<core>m_axi</core>
<MemPortIdVec></MemPortIdVec>
<condition id="-1">
<or_exp><and_exp></and_exp></or_exp>
</condition>

<Node id="27" bw="1" op_0_bw="1" op_1_bw="32" op_2_bw="32">
<![CDATA[
codeRepl:22 %empty_21 = readreq i1 @_ssdm_op_ReadReq.m_axi.p1i32, i32 %gmem1_addr, i32 3

]]></Node>
<StgValue><ssdm name="empty_21"/></StgValue>
</operation>
</state>

<state id="8" st_id="8">

<operation id="42" st_id="8" stage="1" lat="7">
<core>m_axi</core>
<MemPortIdVec></MemPortIdVec>
<condition id="-1">
<or_exp><and_exp></and_exp></or_exp>
</condition>

<Node id="22" bw="1" op_0_bw="1" op_1_bw="32" op_2_bw="32">
<![CDATA[
codeRepl:17 %empty = readreq i1 @_ssdm_op_ReadReq.m_axi.p1i32, i32 %gmem0_addr, i32 8

]]></Node>
<StgValue><ssdm name="empty"/></StgValue>
</operation>

<operation id="43" st_id="8" stage="1" lat="7">
<core>m_axi</core>
<MemPortIdVec></MemPortIdVec>
<condition id="-1">
<or_exp><and_exp></and_exp></or_exp>
</condition>

<Node id="27" bw="1" op_0_bw="1" op_1_bw="32" op_2_bw="32">
<![CDATA[
codeRepl:22 %empty_21 = readreq i1 @_ssdm_op_ReadReq.m_axi.p1i32, i32 %gmem1_addr, i32 3

]]></Node>
<StgValue><ssdm name="empty_21"/></StgValue>
</operation>
</state>

<state id="9" st_id="9">

<operation id="44" st_id="9" stage="2" lat="2">
<core></core>
<MemPortIdVec></MemPortIdVec>
<condition id="-1">
<or_exp><and_exp></and_exp></or_exp>
</condition>

<Node id="23" bw="0" op_0_bw="0" op_1_bw="32" op_2_bw="62" op_3_bw="32" op_4_bw="0" op_5_bw="0" op_6_bw="0">
<![CDATA[
codeRepl:18 %call_ln11 = call void @fpga417_fir_Pipeline_VITIS_LOOP_11_1, i32 %gmem0, i62 %trunc_ln, i32 %temp

]]></Node>
<StgValue><ssdm name="call_ln11"/></StgValue>
</operation>
</state>

<state id="10" st_id="10">

<operation id="45" st_id="10" stage="1" lat="2">
<core></core>
<MemPortIdVec></MemPortIdVec>
<condition id="-1">
<or_exp><and_exp></and_exp></or_exp>
</condition>

<Node id="23" bw="0" op_0_bw="0" op_1_bw="32" op_2_bw="62" op_3_bw="32" op_4_bw="0" op_5_bw="0" op_6_bw="0">
<![CDATA[
codeRepl:18 %call_ln11 = call void @fpga417_fir_Pipeline_VITIS_LOOP_11_1, i32 %gmem0, i62 %trunc_ln, i32 %temp

]]></Node>
<StgValue><ssdm name="call_ln11"/></StgValue>
</operation>

<operation id="46" st_id="10" stage="1" lat="1">
<core>m_axi</core>
<MemPortIdVec></MemPortIdVec>
<condition id="-1">
<or_exp><and_exp></and_exp></or_exp>
</condition>

<Node id="28" bw="32" op_0_bw="32" op_1_bw="32" op_2_bw="0">
<![CDATA[
codeRepl:23 %gmem1_addr_read = read i32 @_ssdm_op_Read.m_axi.p1i32, i32 %gmem1_addr

]]></Node>
<StgValue><ssdm name="gmem1_addr_read"/></StgValue>
</operation>
</state>

<state id="11" st_id="11">

<operation id="47" st_id="11" stage="1" lat="1">
<core>m_axi</core>
<MemPortIdVec></MemPortIdVec>
<condition id="-1">
<or_exp><and_exp></and_exp></or_exp>
</condition>

<Node id="29" bw="32" op_0_bw="32" op_1_bw="32" op_2_bw="0">
<![CDATA[
codeRepl:24 %gmem1_addr_read_1 = read i32 @_ssdm_op_Read.m_axi.p1i32, i32 %gmem1_addr

]]></Node>
<StgValue><ssdm name="gmem1_addr_read_1"/></StgValue>
</operation>

<operation id="48" st_id="11" stage="1" lat="1">
<core>m_axi</core>
<MemPortIdVec></MemPortIdVec>
<condition id="-1">
<or_exp><and_exp></and_exp></or_exp>
</condition>

<Node id="31" bw="1" op_0_bw="1" op_1_bw="32" op_2_bw="32" op_3_bw="0">
<![CDATA[
codeRepl:26 %empty_22 = writereq i1 @_ssdm_op_WriteReq.m_axi.p1i32, i32 %gmem0_addr, i32 8

]]></Node>
<StgValue><ssdm name="empty_22"/></StgValue>
</operation>
</state>

<state id="12" st_id="12">

<operation id="49" st_id="12" stage="1" lat="1">
<core>m_axi</core>
<MemPortIdVec></MemPortIdVec>
<condition id="-1">
<or_exp><and_exp></and_exp></or_exp>
</condition>

<Node id="30" bw="32" op_0_bw="32" op_1_bw="32" op_2_bw="0">
<![CDATA[
codeRepl:25 %gmem1_addr_read_2 = read i32 @_ssdm_op_Read.m_axi.p1i32, i32 %gmem1_addr

]]></Node>
<StgValue><ssdm name="gmem1_addr_read_2"/></StgValue>
</operation>

<operation id="50" st_id="12" stage="2" lat="2">
<core></core>
<MemPortIdVec></MemPortIdVec>
<condition id="-1">
<or_exp><and_exp></and_exp></or_exp>
</condition>

<Node id="32" bw="0" op_0_bw="0" op_1_bw="32" op_2_bw="62" op_3_bw="32" op_4_bw="32" op_5_bw="32" op_6_bw="32" op_7_bw="0" op_8_bw="0" op_9_bw="0">
<![CDATA[
codeRepl:27 %call_ln11 = call void @fpga417_fir_Pipeline_VITIS_LOOP_15_2, i32 %gmem0, i62 %trunc_ln, i32 %temp, i32 %gmem1_addr_read, i32 %gmem1_addr_read_1, i32 %gmem1_addr_read_2

]]></Node>
<StgValue><ssdm name="call_ln11"/></StgValue>
</operation>
</state>

<state id="13" st_id="13">

<operation id="51" st_id="13" stage="1" lat="2">
<core></core>
<MemPortIdVec></MemPortIdVec>
<condition id="-1">
<or_exp><and_exp></and_exp></or_exp>
</condition>

<Node id="32" bw="0" op_0_bw="0" op_1_bw="32" op_2_bw="62" op_3_bw="32" op_4_bw="32" op_5_bw="32" op_6_bw="32" op_7_bw="0" op_8_bw="0" op_9_bw="0">
<![CDATA[
codeRepl:27 %call_ln11 = call void @fpga417_fir_Pipeline_VITIS_LOOP_15_2, i32 %gmem0, i62 %trunc_ln, i32 %temp, i32 %gmem1_addr_read, i32 %gmem1_addr_read_1, i32 %gmem1_addr_read_2

]]></Node>
<StgValue><ssdm name="call_ln11"/></StgValue>
</operation>
</state>

<state id="14" st_id="14">

<operation id="52" st_id="14" stage="5" lat="5">
<core>m_axi</core>
<MemPortIdVec></MemPortIdVec>
<condition id="-1">
<or_exp><and_exp></and_exp></or_exp>
</condition>

<Node id="33" bw="1" op_0_bw="1" op_1_bw="32" op_2_bw="0">
<![CDATA[
codeRepl:28 %empty_23 = writeresp i1 @_ssdm_op_WriteResp.m_axi.p1i32, i32 %gmem0_addr

]]></Node>
<StgValue><ssdm name="empty_23"/></StgValue>
</operation>
</state>

<state id="15" st_id="15">

<operation id="53" st_id="15" stage="4" lat="5">
<core>m_axi</core>
<MemPortIdVec></MemPortIdVec>
<condition id="-1">
<or_exp><and_exp></and_exp></or_exp>
</condition>

<Node id="33" bw="1" op_0_bw="1" op_1_bw="32" op_2_bw="0">
<![CDATA[
codeRepl:28 %empty_23 = writeresp i1 @_ssdm_op_WriteResp.m_axi.p1i32, i32 %gmem0_addr

]]></Node>
<StgValue><ssdm name="empty_23"/></StgValue>
</operation>
</state>

<state id="16" st_id="16">

<operation id="54" st_id="16" stage="3" lat="5">
<core>m_axi</core>
<MemPortIdVec></MemPortIdVec>
<condition id="-1">
<or_exp><and_exp></and_exp></or_exp>
</condition>

<Node id="33" bw="1" op_0_bw="1" op_1_bw="32" op_2_bw="0">
<![CDATA[
codeRepl:28 %empty_23 = writeresp i1 @_ssdm_op_WriteResp.m_axi.p1i32, i32 %gmem0_addr

]]></Node>
<StgValue><ssdm name="empty_23"/></StgValue>
</operation>
</state>

<state id="17" st_id="17">

<operation id="55" st_id="17" stage="2" lat="5">
<core>m_axi</core>
<MemPortIdVec></MemPortIdVec>
<condition id="-1">
<or_exp><and_exp></and_exp></or_exp>
</condition>

<Node id="33" bw="1" op_0_bw="1" op_1_bw="32" op_2_bw="0">
<![CDATA[
codeRepl:28 %empty_23 = writeresp i1 @_ssdm_op_WriteResp.m_axi.p1i32, i32 %gmem0_addr

]]></Node>
<StgValue><ssdm name="empty_23"/></StgValue>
</operation>
</state>

<state id="18" st_id="18">

<operation id="56" st_id="18" stage="1" lat="1">
<core>NULL</core>
<MemPortIdVec></MemPortIdVec>
<condition id="-1">
<or_exp><and_exp></and_exp></or_exp>
</condition>

<Node id="5" bw="0" op_0_bw="0" op_1_bw="0">
<![CDATA[
codeRepl:0 %spectopmodule_ln0 = spectopmodule void @_ssdm_op_SpecTopModule, void @empty_11

]]></Node>
<StgValue><ssdm name="spectopmodule_ln0"/></StgValue>
</operation>

<operation id="57" st_id="18" stage="1" lat="1">
<core>NULL</core>
<MemPortIdVec></MemPortIdVec>
<condition id="-1">
<or_exp><and_exp></and_exp></or_exp>
</condition>

<Node id="6" bw="0" op_0_bw="0" op_1_bw="32" op_2_bw="0" op_3_bw="32" op_4_bw="32" op_5_bw="0" op_6_bw="32" op_7_bw="32" op_8_bw="0" op_9_bw="0" op_10_bw="0" op_11_bw="32" op_12_bw="32" op_13_bw="32" op_14_bw="32" op_15_bw="0" op_16_bw="0">
<![CDATA[
codeRepl:1 %specinterface_ln0 = specinterface void @_ssdm_op_SpecInterface, i32 %gmem0, void @empty, i32 0, i32 0, void @empty_0, i32 0, i32 0, void @empty_1, void @empty_2, void @empty_0, i32 16, i32 16, i32 16, i32 16, void @empty_0, void @empty_0

]]></Node>
<StgValue><ssdm name="specinterface_ln0"/></StgValue>
</operation>

<operation id="58" st_id="18" stage="1" lat="1">
<core>NULL</core>
<MemPortIdVec></MemPortIdVec>
<condition id="-1">
<or_exp><and_exp></and_exp></or_exp>
</condition>

<Node id="7" bw="0" op_0_bw="0" op_1_bw="32">
<![CDATA[
codeRepl:2 %specbitsmap_ln0 = specbitsmap void @_ssdm_op_SpecBitsMap, i32 %gmem0

]]></Node>
<StgValue><ssdm name="specbitsmap_ln0"/></StgValue>
</operation>

<operation id="59" st_id="18" stage="1" lat="1">
<core>NULL</core>
<MemPortIdVec></MemPortIdVec>
<condition id="-1">
<or_exp><and_exp></and_exp></or_exp>
</condition>

<Node id="8" bw="0" op_0_bw="0" op_1_bw="32" op_2_bw="0" op_3_bw="32" op_4_bw="32" op_5_bw="0" op_6_bw="32" op_7_bw="32" op_8_bw="0" op_9_bw="0" op_10_bw="0" op_11_bw="32" op_12_bw="32" op_13_bw="32" op_14_bw="32" op_15_bw="0" op_16_bw="0">
<![CDATA[
codeRepl:3 %specinterface_ln0 = specinterface void @_ssdm_op_SpecInterface, i32 %gmem1, void @empty, i32 0, i32 0, void @empty_0, i32 0, i32 0, void @empty_3, void @empty_2, void @empty_0, i32 16, i32 16, i32 16, i32 16, void @empty_0, void @empty_0

]]></Node>
<StgValue><ssdm name="specinterface_ln0"/></StgValue>
</operation>

<operation id="60" st_id="18" stage="1" lat="1">
<core>NULL</core>
<MemPortIdVec></MemPortIdVec>
<condition id="-1">
<or_exp><and_exp></and_exp></or_exp>
</condition>

<Node id="9" bw="0" op_0_bw="0" op_1_bw="32">
<![CDATA[
codeRepl:4 %specbitsmap_ln0 = specbitsmap void @_ssdm_op_SpecBitsMap, i32 %gmem1

]]></Node>
<StgValue><ssdm name="specbitsmap_ln0"/></StgValue>
</operation>

<operation id="61" st_id="18" stage="1" lat="1">
<core>NULL</core>
<MemPortIdVec></MemPortIdVec>
<condition id="-1">
<or_exp><and_exp></and_exp></or_exp>
</condition>

<Node id="10" bw="0" op_0_bw="0" op_1_bw="64" op_2_bw="0" op_3_bw="32" op_4_bw="32" op_5_bw="0" op_6_bw="32" op_7_bw="32" op_8_bw="0" op_9_bw="0" op_10_bw="0" op_11_bw="32" op_12_bw="32" op_13_bw="32" op_14_bw="32" op_15_bw="0" op_16_bw="0">
<![CDATA[
codeRepl:5 %specinterface_ln0 = specinterface void @_ssdm_op_SpecInterface, i64 %data, void @empty_4, i32 0, i32 0, void @empty_0, i32 0, i32 0, void @empty_5, void @empty_6, void @empty_0, i32 0, i32 0, i32 0, i32 0, void @empty_0, void @empty_7

]]></Node>
<StgValue><ssdm name="specinterface_ln0"/></StgValue>
</operation>

<operation id="62" st_id="18" stage="1" lat="1">
<core>NULL</core>
<MemPortIdVec></MemPortIdVec>
<condition id="-1">
<or_exp><and_exp></and_exp></or_exp>
</condition>

<Node id="11" bw="0" op_0_bw="0" op_1_bw="64" op_2_bw="0" op_3_bw="32" op_4_bw="32" op_5_bw="0" op_6_bw="32" op_7_bw="32" op_8_bw="0" op_9_bw="0" op_10_bw="0" op_11_bw="32" op_12_bw="32" op_13_bw="32" op_14_bw="32" op_15_bw="0" op_16_bw="0">
<![CDATA[
codeRepl:6 %specinterface_ln0 = specinterface void @_ssdm_op_SpecInterface, i64 %data, void @empty_8, i32 0, i32 0, void @empty_0, i32 0, i32 0, void @empty_0, void @empty_0, void @empty_0, i32 0, i32 0, i32 0, i32 0, void @empty_0, void @empty_7

]]></Node>
<StgValue><ssdm name="specinterface_ln0"/></StgValue>
</operation>

<operation id="63" st_id="18" stage="1" lat="1">
<core>NULL</core>
<MemPortIdVec></MemPortIdVec>
<condition id="-1">
<or_exp><and_exp></and_exp></or_exp>
</condition>

<Node id="12" bw="0" op_0_bw="0" op_1_bw="64" op_2_bw="0" op_3_bw="32" op_4_bw="32" op_5_bw="0" op_6_bw="32" op_7_bw="32" op_8_bw="0" op_9_bw="0" op_10_bw="0" op_11_bw="32" op_12_bw="32" op_13_bw="32" op_14_bw="32" op_15_bw="0" op_16_bw="0">
<![CDATA[
codeRepl:7 %specinterface_ln0 = specinterface void @_ssdm_op_SpecInterface, i64 %filter, void @empty_4, i32 0, i32 0, void @empty_0, i32 0, i32 0, void @empty_5, void @empty_9, void @empty_0, i32 0, i32 0, i32 0, i32 0, void @empty_0, void @empty_7

]]></Node>
<StgValue><ssdm name="specinterface_ln0"/></StgValue>
</operation>

<operation id="64" st_id="18" stage="1" lat="1">
<core>NULL</core>
<MemPortIdVec></MemPortIdVec>
<condition id="-1">
<or_exp><and_exp></and_exp></or_exp>
</condition>

<Node id="13" bw="0" op_0_bw="0" op_1_bw="64" op_2_bw="0" op_3_bw="32" op_4_bw="32" op_5_bw="0" op_6_bw="32" op_7_bw="32" op_8_bw="0" op_9_bw="0" op_10_bw="0" op_11_bw="32" op_12_bw="32" op_13_bw="32" op_14_bw="32" op_15_bw="0" op_16_bw="0">
<![CDATA[
codeRepl:8 %specinterface_ln0 = specinterface void @_ssdm_op_SpecInterface, i64 %filter, void @empty_8, i32 0, i32 0, void @empty_0, i32 0, i32 0, void @empty_0, void @empty_0, void @empty_0, i32 0, i32 0, i32 0, i32 0, void @empty_0, void @empty_7

]]></Node>
<StgValue><ssdm name="specinterface_ln0"/></StgValue>
</operation>

<operation id="65" st_id="18" stage="1" lat="1">
<core>NULL</core>
<MemPortIdVec></MemPortIdVec>
<condition id="-1">
<or_exp><and_exp></and_exp></or_exp>
</condition>

<Node id="14" bw="0" op_0_bw="0" op_1_bw="32" op_2_bw="0" op_3_bw="32" op_4_bw="32" op_5_bw="0" op_6_bw="32" op_7_bw="32" op_8_bw="0" op_9_bw="0" op_10_bw="0" op_11_bw="32" op_12_bw="32" op_13_bw="32" op_14_bw="32" op_15_bw="0" op_16_bw="0">
<![CDATA[
codeRepl:9 %specinterface_ln0 = specinterface void @_ssdm_op_SpecInterface, i32 0, void @empty_4, i32 0, i32 0, void @empty_0, i32 0, i32 0, void @empty_10, void @empty_0, void @empty_0, i32 0, i32 0, i32 0, i32 0, void @empty_0, void @empty_0

]]></Node>
<StgValue><ssdm name="specinterface_ln0"/></StgValue>
</operation>

<operation id="66" st_id="18" stage="1" lat="5">
<core>m_axi</core>
<MemPortIdVec></MemPortIdVec>
<condition id="-1">
<or_exp><and_exp></and_exp></or_exp>
</condition>

<Node id="33" bw="1" op_0_bw="1" op_1_bw="32" op_2_bw="0">
<![CDATA[
codeRepl:28 %empty_23 = writeresp i1 @_ssdm_op_WriteResp.m_axi.p1i32, i32 %gmem0_addr

]]></Node>
<StgValue><ssdm name="empty_23"/></StgValue>
</operation>

<operation id="67" st_id="18" stage="1" lat="1">
<core>NULL</core>
<MemPortIdVec></MemPortIdVec>
<condition id="-1">
<or_exp><and_exp></and_exp></or_exp>
</condition>

<Node id="34" bw="0">
<![CDATA[
codeRepl:29 %ret_ln21 = ret

]]></Node>
<StgValue><ssdm name="ret_ln21"/></StgValue>
</operation>
</state>
</state_list>


<ports>
</ports>


<dataflows>
</dataflows>


</stg>
