<stg><name>fpga417_fir_Pipeline_1</name>


<trans_list>
</trans_list>



<state_list>

<state id="1" st_id="2">

<operation id="4" st_id="1" stage="1" lat="1">
<core>NULL</core>
<MemPortIdVec></MemPortIdVec>
<condition id="-1">
<or_exp><and_exp></and_exp></or_exp>
</condition>

<Node id="2" bw="4" op_0_bw="32">
<![CDATA[
newFuncRoot:0 %empty = alloca i32 1

]]></Node>
<StgValue><ssdm name="empty"/></StgValue>
</operation>

<operation id="5" st_id="1" stage="1" lat="1">
<core>NULL</core>
<MemPortIdVec></MemPortIdVec>
<condition id="-1">
<or_exp><and_exp></and_exp></or_exp>
</condition>

<Node id="3" bw="0" op_0_bw="4" op_1_bw="4">
<![CDATA[
newFuncRoot:1 %store_ln0 = store i4 0, i4 %empty

]]></Node>
<StgValue><ssdm name="store_ln0"/></StgValue>
</operation>

<operation id="6" st_id="1" stage="1" lat="1">
<core>NULL</core>
<MemPortIdVec></MemPortIdVec>
<condition id="-1">
<or_exp><and_exp></and_exp></or_exp>
</condition>

<Node id="4" bw="0" op_0_bw="0">
<![CDATA[
newFuncRoot:2 %br_ln0 = br void %memset.loop

]]></Node>
<StgValue><ssdm name="br_ln0"/></StgValue>
</operation>

<operation id="7" st_id="1" stage="1" lat="1">
<core>NULL</core>
<MemPortIdVec></MemPortIdVec>
<condition id="-1">
<or_exp><and_exp></and_exp></or_exp>
</condition>

<Node id="6" bw="4" op_0_bw="4" op_1_bw="0">
<![CDATA[
memset.loop:0 %p_load = load i4 %empty

]]></Node>
<StgValue><ssdm name="p_load"/></StgValue>
</operation>

<operation id="8" st_id="1" stage="1" lat="1">
<core>NULL</core>
<MemPortIdVec></MemPortIdVec>
<condition id="-1">
<or_exp><and_exp></and_exp></or_exp>
</condition>

<Node id="7" bw="0" op_0_bw="0" op_1_bw="32" op_2_bw="32" op_3_bw="32" op_4_bw="32" op_5_bw="0">
<![CDATA[
memset.loop:1 %specpipeline_ln0 = specpipeline void @_ssdm_op_SpecPipeline, i32 4294967295, i32 0, i32 1, i32 0, void @p_str

]]></Node>
<StgValue><ssdm name="specpipeline_ln0"/></StgValue>
</operation>

<operation id="9" st_id="1" stage="1" lat="1">
<core>Cmp</core>
<MemPortIdVec></MemPortIdVec>
<condition id="-1">
<or_exp><and_exp></and_exp></or_exp>
</condition>

<Node id="8" bw="1" op_0_bw="4" op_1_bw="4">
<![CDATA[
memset.loop:2 %exitcond1110 = icmp_eq  i4 %p_load, i4 10

]]></Node>
<StgValue><ssdm name="exitcond1110"/></StgValue>
</operation>

<operation id="10" st_id="1" stage="1" lat="1">
<core>NULL</core>
<MemPortIdVec></MemPortIdVec>
<condition id="-1">
<or_exp><and_exp></and_exp></or_exp>
</condition>

<Node id="9" bw="32" op_0_bw="32" op_1_bw="64" op_2_bw="64" op_3_bw="64">
<![CDATA[
memset.loop:3 %empty_19 = speclooptripcount i32 @_ssdm_op_SpecLoopTripCount, i64 10, i64 10, i64 10

]]></Node>
<StgValue><ssdm name="empty_19"/></StgValue>
</operation>

<operation id="11" st_id="1" stage="1" lat="1">
<core>Adder</core>
<MemPortIdVec></MemPortIdVec>
<condition id="-1">
<or_exp><and_exp></and_exp></or_exp>
</condition>

<Node id="10" bw="4" op_0_bw="4" op_1_bw="4">
<![CDATA[
memset.loop:4 %empty_20 = add i4 %p_load, i4 1

]]></Node>
<StgValue><ssdm name="empty_20"/></StgValue>
</operation>

<operation id="12" st_id="1" stage="1" lat="1">
<core>NULL</core>
<MemPortIdVec></MemPortIdVec>
<condition id="-1">
<or_exp><and_exp></and_exp></or_exp>
</condition>

<Node id="11" bw="0" op_0_bw="1" op_1_bw="0" op_2_bw="0">
<![CDATA[
memset.loop:5 %br_ln0 = br i1 %exitcond1110, void %memset.loop.split, void %split.exitStub

]]></Node>
<StgValue><ssdm name="br_ln0"/></StgValue>
</operation>

<operation id="13" st_id="1" stage="1" lat="1">
<core>NULL</core>
<MemPortIdVec></MemPortIdVec>
<condition id="-1">
<or_exp><and_exp><literal name="exitcond1110" val="0"/>
</and_exp></or_exp>
</condition>

<Node id="13" bw="64" op_0_bw="4">
<![CDATA[
memset.loop.split:0 %p_cast1 = zext i4 %p_load

]]></Node>
<StgValue><ssdm name="p_cast1"/></StgValue>
</operation>

<operation id="14" st_id="1" stage="1" lat="1">
<core>NULL</core>
<MemPortIdVec></MemPortIdVec>
<condition id="-1">
<or_exp><and_exp><literal name="exitcond1110" val="0"/>
</and_exp></or_exp>
</condition>

<Node id="14" bw="4" op_0_bw="32" op_1_bw="64" op_2_bw="64">
<![CDATA[
memset.loop.split:1 %temp_addr = getelementptr i32 %temp, i64 0, i64 %p_cast1

]]></Node>
<StgValue><ssdm name="temp_addr"/></StgValue>
</operation>

<operation id="15" st_id="1" stage="1" lat="1">
<core>RAM_1WnR</core>
<MemPortIdVec></MemPortIdVec>
<condition id="-1">
<or_exp><and_exp><literal name="exitcond1110" val="0"/>
</and_exp></or_exp>
</condition>

<Node id="15" bw="0" op_0_bw="32" op_1_bw="4">
<![CDATA[
memset.loop.split:2 %store_ln0 = store i32 0, i4 %temp_addr

]]></Node>
<StgValue><ssdm name="store_ln0"/></StgValue>
</operation>

<operation id="16" st_id="1" stage="1" lat="1">
<core>NULL</core>
<MemPortIdVec></MemPortIdVec>
<condition id="-1">
<or_exp><and_exp><literal name="exitcond1110" val="0"/>
</and_exp></or_exp>
</condition>

<Node id="16" bw="0" op_0_bw="4" op_1_bw="4" op_2_bw="0" op_3_bw="0">
<![CDATA[
memset.loop.split:3 %store_ln0 = store i4 %empty_20, i4 %empty

]]></Node>
<StgValue><ssdm name="store_ln0"/></StgValue>
</operation>

<operation id="17" st_id="1" stage="1" lat="1">
<core>NULL</core>
<MemPortIdVec></MemPortIdVec>
<condition id="-1">
<or_exp><and_exp><literal name="exitcond1110" val="0"/>
</and_exp></or_exp>
</condition>

<Node id="17" bw="0" op_0_bw="0">
<![CDATA[
memset.loop.split:4 %br_ln0 = br void %memset.loop

]]></Node>
<StgValue><ssdm name="br_ln0"/></StgValue>
</operation>

<operation id="18" st_id="1" stage="1" lat="1">
<core>NULL</core>
<MemPortIdVec></MemPortIdVec>
<condition id="-1">
<or_exp><and_exp><literal name="exitcond1110" val="1"/>
</and_exp></or_exp>
</condition>

<Node id="19" bw="0">
<![CDATA[
split.exitStub:0 %ret_ln0 = ret

]]></Node>
<StgValue><ssdm name="ret_ln0"/></StgValue>
</operation>
</state>
</state_list>


<ports>
</ports>


<dataflows>
</dataflows>


</stg>
