<profile>

<section name = "Vitis HLS Report for 'fpga417_fir'" level="0">
<item name = "Date">Wed Apr  2 16:07:58 2025
</item>
<item name = "Version">2021.2 (Build 3367213 on Tue Oct 19 02:48:09 MDT 2021)</item>
<item name = "Project">Lab4</item>
<item name = "Solution">solution1 (Vivado IP Flow Target)</item>
<item name = "Product family">zynq</item>
<item name = "Target device">xc7z010i-clg225-1L</item>
</section>

<section name = "Performance Estimates" level="0">
<item name = "Timing">
<section name = "" level="1">
<item name = "Summary"><table name="" hasTotal="0">
<keys size="4">Clock, Target, Estimated, Uncertainty</keys>
<column name="ap_clk">10.00 ns, 7.300 ns, 2.70 ns</column>
</table>
</item>
</section>
</item>
<item name = "Latency">
<section name = "" level="1">
<item name = "Summary"><table name="" hasTotal="0">
<keys size="8">, min, max, min, max, min, max, Type</keys>
<column name="">54, 54, 0.540 us, 0.540 us, 55, 55, no</column>
</table>
</item>
<item name = "Detail">
<section name = "" level="1">
<item name = "Instance"><table name="" hasTotal="0">
<keys size="9">Instance, Module, min, max, min, max, min, max, Type</keys>
<column name="grp_fpga417_fir_Pipeline_1_fu_109">fpga417_fir_Pipeline_1, 12, 12, 0.120 us, 0.120 us, 12, 12, no</column>
<column name="grp_fpga417_fir_Pipeline_VITIS_LOOP_11_1_fu_115">fpga417_fir_Pipeline_VITIS_LOOP_11_1, 11, 11, 0.110 us, 0.110 us, 11, 11, no</column>
<column name="grp_fpga417_fir_Pipeline_VITIS_LOOP_15_2_fu_123">fpga417_fir_Pipeline_VITIS_LOOP_15_2, 14, 14, 0.140 us, 0.140 us, 14, 14, no</column>
</table>
</item>
<item name = "Loop"><table name="" hasTotal="0">
<keys size="8">Loop Name, min, max, Latency, achieved, target, Count, Pipelined</keys>
</table>
</item>
</section>
</item>
</section>
</item>
</section>

<section name = "Utilization Estimates" level="0">
<item name = "Summary"><table name="" hasTotal="1">
<keys size="6">Name, BRAM_18K, DSP, FF, LUT, URAM</keys>
<column name="DSP">-, -, -, -, -</column>
<column name="Expression">-, -, 0, 2, -</column>
<column name="FIFO">-, -, -, -, -</column>
<column name="Instance">8, 9, 2092, 1963, -</column>
<column name="Memory">0, -, 544, 5, 0</column>
<column name="Multiplexer">-, -, -, 502, -</column>
<column name="Register">-, -, 307, -, -</column>
<specialColumn name="Available">120, 80, 35200, 17600, 0</specialColumn>
<specialColumn name="Utilization (%)">6, 11, 8, 14, 0</specialColumn>
</table>
</item>
<item name = "Detail">
<section name = "" level="1">
<item name = "Instance"><table name="" hasTotal="1">
<keys size="7">Instance, Module, BRAM_18K, DSP, FF, LUT, URAM</keys>
<column name="BUS_A_s_axi_U">BUS_A_s_axi, 0, 0, 43, 42, 0</column>
<column name="control_s_axi_U">control_s_axi, 0, 0, 170, 296, 0</column>
<column name="grp_fpga417_fir_Pipeline_1_fu_109">fpga417_fir_Pipeline_1, 0, 0, 6, 49, 0</column>
<column name="grp_fpga417_fir_Pipeline_VITIS_LOOP_11_1_fu_115">fpga417_fir_Pipeline_VITIS_LOOP_11_1, 0, 0, 50, 73, 0</column>
<column name="grp_fpga417_fir_Pipeline_VITIS_LOOP_15_2_fu_123">fpga417_fir_Pipeline_VITIS_LOOP_15_2, 0, 9, 799, 343, 0</column>
<column name="gmem0_m_axi_U">gmem0_m_axi, 4, 0, 512, 580, 0</column>
<column name="gmem1_m_axi_U">gmem1_m_axi, 4, 0, 512, 580, 0</column>
</table>
</item>
<item name = "DSP"><table name="" hasTotal="0">
<keys size="3">Instance, Module, Expression</keys>
</table>
</item>
<item name = "Memory"><table name="" hasTotal="1">
<keys size="10">Memory, Module, BRAM_18K, FF, LUT, URAM, Words, Bits, Banks, W*Bits*Banks</keys>
<column name="temp_U">temp_RAM_1WNR_AUTO_1R1W, 0, 544, 5, 0, 10, 32, 1, 320</column>
</table>
</item>
<item name = "FIFO"><table name="" hasTotal="1">
<keys size="8">Name, BRAM_18K, FF, LUT, URAM, Depth, Bits, Size:D*B</keys>
</table>
</item>
<item name = "Expression"><table name="" hasTotal="1">
<keys size="7">Variable Name, Operation, DSP, FF, LUT, Bitwidth P0, Bitwidth P1</keys>
<column name="ap_block_state2_io">or, 0, 0, 2, 1, 1</column>
</table>
</item>
<item name = "Multiplexer"><table name="" hasTotal="1">
<keys size="5">Name, LUT, Input Size, Bits, Total Bits</keys>
<column name="ap_NS_fsm">93, 19, 1, 19</column>
<column name="gmem0_ARADDR">14, 3, 64, 192</column>
<column name="gmem0_ARBURST">9, 2, 2, 4</column>
<column name="gmem0_ARCACHE">9, 2, 4, 8</column>
<column name="gmem0_ARID">9, 2, 1, 2</column>
<column name="gmem0_ARLEN">14, 3, 32, 96</column>
<column name="gmem0_ARLOCK">9, 2, 2, 4</column>
<column name="gmem0_ARPROT">9, 2, 3, 6</column>
<column name="gmem0_ARQOS">9, 2, 4, 8</column>
<column name="gmem0_ARREGION">9, 2, 4, 8</column>
<column name="gmem0_ARSIZE">9, 2, 3, 6</column>
<column name="gmem0_ARUSER">9, 2, 1, 2</column>
<column name="gmem0_ARVALID">14, 3, 1, 3</column>
<column name="gmem0_AWADDR">14, 3, 64, 192</column>
<column name="gmem0_AWBURST">9, 2, 2, 4</column>
<column name="gmem0_AWCACHE">9, 2, 4, 8</column>
<column name="gmem0_AWID">9, 2, 1, 2</column>
<column name="gmem0_AWLEN">14, 3, 32, 96</column>
<column name="gmem0_AWLOCK">9, 2, 2, 4</column>
<column name="gmem0_AWPROT">9, 2, 3, 6</column>
<column name="gmem0_AWQOS">9, 2, 4, 8</column>
<column name="gmem0_AWREGION">9, 2, 4, 8</column>
<column name="gmem0_AWSIZE">9, 2, 3, 6</column>
<column name="gmem0_AWUSER">9, 2, 1, 2</column>
<column name="gmem0_AWVALID">14, 3, 1, 3</column>
<column name="gmem0_BREADY">14, 3, 1, 3</column>
<column name="gmem0_RREADY">9, 2, 1, 2</column>
<column name="gmem0_WVALID">9, 2, 1, 2</column>
<column name="gmem0_blk_n_AR">9, 2, 1, 2</column>
<column name="gmem0_blk_n_AW">9, 2, 1, 2</column>
<column name="gmem0_blk_n_B">9, 2, 1, 2</column>
<column name="gmem1_blk_n_AR">9, 2, 1, 2</column>
<column name="gmem1_blk_n_R">9, 2, 1, 2</column>
<column name="temp_address0">20, 4, 4, 16</column>
<column name="temp_ce0">20, 4, 1, 4</column>
<column name="temp_ce1">9, 2, 1, 2</column>
<column name="temp_ce2">9, 2, 1, 2</column>
<column name="temp_d0">14, 3, 32, 96</column>
<column name="temp_we0">14, 3, 1, 3</column>
</table>
</item>
<item name = "Register"><table name="" hasTotal="1">
<keys size="5">Name, FF, LUT, Bits, Const Bits</keys>
<column name="ap_CS_fsm">18, 0, 18, 0</column>
<column name="gmem0_addr_reg_188">64, 0, 64, 0</column>
<column name="gmem1_addr_read_1_reg_198">32, 0, 32, 0</column>
<column name="gmem1_addr_read_2_reg_203">32, 0, 32, 0</column>
<column name="gmem1_addr_read_reg_193">32, 0, 32, 0</column>
<column name="gmem1_addr_reg_182">64, 0, 64, 0</column>
<column name="grp_fpga417_fir_Pipeline_1_fu_109_ap_start_reg">1, 0, 1, 0</column>
<column name="grp_fpga417_fir_Pipeline_VITIS_LOOP_11_1_fu_115_ap_start_reg">1, 0, 1, 0</column>
<column name="grp_fpga417_fir_Pipeline_VITIS_LOOP_15_2_fu_123_ap_start_reg">1, 0, 1, 0</column>
<column name="trunc_ln_reg_175">62, 0, 62, 0</column>
</table>
</item>
</section>
</item>
</section>

<section name = "Interface" level="0">
<item name = "Summary"><table name="" hasTotal="0">
<keys size="6">RTL Ports, Dir, Bits, Protocol, Source Object, C Type</keys>
<column name="s_axi_BUS_A_AWVALID">in, 1, s_axi, BUS_A, scalar</column>
<column name="s_axi_BUS_A_AWREADY">out, 1, s_axi, BUS_A, scalar</column>
<column name="s_axi_BUS_A_AWADDR">in, 4, s_axi, BUS_A, scalar</column>
<column name="s_axi_BUS_A_WVALID">in, 1, s_axi, BUS_A, scalar</column>
<column name="s_axi_BUS_A_WREADY">out, 1, s_axi, BUS_A, scalar</column>
<column name="s_axi_BUS_A_WDATA">in, 32, s_axi, BUS_A, scalar</column>
<column name="s_axi_BUS_A_WSTRB">in, 4, s_axi, BUS_A, scalar</column>
<column name="s_axi_BUS_A_ARVALID">in, 1, s_axi, BUS_A, scalar</column>
<column name="s_axi_BUS_A_ARREADY">out, 1, s_axi, BUS_A, scalar</column>
<column name="s_axi_BUS_A_ARADDR">in, 4, s_axi, BUS_A, scalar</column>
<column name="s_axi_BUS_A_RVALID">out, 1, s_axi, BUS_A, scalar</column>
<column name="s_axi_BUS_A_RREADY">in, 1, s_axi, BUS_A, scalar</column>
<column name="s_axi_BUS_A_RDATA">out, 32, s_axi, BUS_A, scalar</column>
<column name="s_axi_BUS_A_RRESP">out, 2, s_axi, BUS_A, scalar</column>
<column name="s_axi_BUS_A_BVALID">out, 1, s_axi, BUS_A, scalar</column>
<column name="s_axi_BUS_A_BREADY">in, 1, s_axi, BUS_A, scalar</column>
<column name="s_axi_BUS_A_BRESP">out, 2, s_axi, BUS_A, scalar</column>
<column name="s_axi_control_AWVALID">in, 1, s_axi, control, scalar</column>
<column name="s_axi_control_AWREADY">out, 1, s_axi, control, scalar</column>
<column name="s_axi_control_AWADDR">in, 6, s_axi, control, scalar</column>
<column name="s_axi_control_WVALID">in, 1, s_axi, control, scalar</column>
<column name="s_axi_control_WREADY">out, 1, s_axi, control, scalar</column>
<column name="s_axi_control_WDATA">in, 32, s_axi, control, scalar</column>
<column name="s_axi_control_WSTRB">in, 4, s_axi, control, scalar</column>
<column name="s_axi_control_ARVALID">in, 1, s_axi, control, scalar</column>
<column name="s_axi_control_ARREADY">out, 1, s_axi, control, scalar</column>
<column name="s_axi_control_ARADDR">in, 6, s_axi, control, scalar</column>
<column name="s_axi_control_RVALID">out, 1, s_axi, control, scalar</column>
<column name="s_axi_control_RREADY">in, 1, s_axi, control, scalar</column>
<column name="s_axi_control_RDATA">out, 32, s_axi, control, scalar</column>
<column name="s_axi_control_RRESP">out, 2, s_axi, control, scalar</column>
<column name="s_axi_control_BVALID">out, 1, s_axi, control, scalar</column>
<column name="s_axi_control_BREADY">in, 1, s_axi, control, scalar</column>
<column name="s_axi_control_BRESP">out, 2, s_axi, control, scalar</column>
<column name="ap_local_block">out, 1, ap_ctrl_hs, fpga417_fir, return value</column>
<column name="ap_clk">in, 1, ap_ctrl_hs, fpga417_fir, return value</column>
<column name="ap_rst_n">in, 1, ap_ctrl_hs, fpga417_fir, return value</column>
<column name="interrupt">out, 1, ap_ctrl_hs, fpga417_fir, return value</column>
<column name="m_axi_gmem0_AWVALID">out, 1, m_axi, gmem0, pointer</column>
<column name="m_axi_gmem0_AWREADY">in, 1, m_axi, gmem0, pointer</column>
<column name="m_axi_gmem0_AWADDR">out, 64, m_axi, gmem0, pointer</column>
<column name="m_axi_gmem0_AWID">out, 1, m_axi, gmem0, pointer</column>
<column name="m_axi_gmem0_AWLEN">out, 8, m_axi, gmem0, pointer</column>
<column name="m_axi_gmem0_AWSIZE">out, 3, m_axi, gmem0, pointer</column>
<column name="m_axi_gmem0_AWBURST">out, 2, m_axi, gmem0, pointer</column>
<column name="m_axi_gmem0_AWLOCK">out, 2, m_axi, gmem0, pointer</column>
<column name="m_axi_gmem0_AWCACHE">out, 4, m_axi, gmem0, pointer</column>
<column name="m_axi_gmem0_AWPROT">out, 3, m_axi, gmem0, pointer</column>
<column name="m_axi_gmem0_AWQOS">out, 4, m_axi, gmem0, pointer</column>
<column name="m_axi_gmem0_AWREGION">out, 4, m_axi, gmem0, pointer</column>
<column name="m_axi_gmem0_AWUSER">out, 1, m_axi, gmem0, pointer</column>
<column name="m_axi_gmem0_WVALID">out, 1, m_axi, gmem0, pointer</column>
<column name="m_axi_gmem0_WREADY">in, 1, m_axi, gmem0, pointer</column>
<column name="m_axi_gmem0_WDATA">out, 32, m_axi, gmem0, pointer</column>
<column name="m_axi_gmem0_WSTRB">out, 4, m_axi, gmem0, pointer</column>
<column name="m_axi_gmem0_WLAST">out, 1, m_axi, gmem0, pointer</column>
<column name="m_axi_gmem0_WID">out, 1, m_axi, gmem0, pointer</column>
<column name="m_axi_gmem0_WUSER">out, 1, m_axi, gmem0, pointer</column>
<column name="m_axi_gmem0_ARVALID">out, 1, m_axi, gmem0, pointer</column>
<column name="m_axi_gmem0_ARREADY">in, 1, m_axi, gmem0, pointer</column>
<column name="m_axi_gmem0_ARADDR">out, 64, m_axi, gmem0, pointer</column>
<column name="m_axi_gmem0_ARID">out, 1, m_axi, gmem0, pointer</column>
<column name="m_axi_gmem0_ARLEN">out, 8, m_axi, gmem0, pointer</column>
<column name="m_axi_gmem0_ARSIZE">out, 3, m_axi, gmem0, pointer</column>
<column name="m_axi_gmem0_ARBURST">out, 2, m_axi, gmem0, pointer</column>
<column name="m_axi_gmem0_ARLOCK">out, 2, m_axi, gmem0, pointer</column>
<column name="m_axi_gmem0_ARCACHE">out, 4, m_axi, gmem0, pointer</column>
<column name="m_axi_gmem0_ARPROT">out, 3, m_axi, gmem0, pointer</column>
<column name="m_axi_gmem0_ARQOS">out, 4, m_axi, gmem0, pointer</column>
<column name="m_axi_gmem0_ARREGION">out, 4, m_axi, gmem0, pointer</column>
<column name="m_axi_gmem0_ARUSER">out, 1, m_axi, gmem0, pointer</column>
<column name="m_axi_gmem0_RVALID">in, 1, m_axi, gmem0, pointer</column>
<column name="m_axi_gmem0_RREADY">out, 1, m_axi, gmem0, pointer</column>
<column name="m_axi_gmem0_RDATA">in, 32, m_axi, gmem0, pointer</column>
<column name="m_axi_gmem0_RLAST">in, 1, m_axi, gmem0, pointer</column>
<column name="m_axi_gmem0_RID">in, 1, m_axi, gmem0, pointer</column>
<column name="m_axi_gmem0_RUSER">in, 1, m_axi, gmem0, pointer</column>
<column name="m_axi_gmem0_RRESP">in, 2, m_axi, gmem0, pointer</column>
<column name="m_axi_gmem0_BVALID">in, 1, m_axi, gmem0, pointer</column>
<column name="m_axi_gmem0_BREADY">out, 1, m_axi, gmem0, pointer</column>
<column name="m_axi_gmem0_BRESP">in, 2, m_axi, gmem0, pointer</column>
<column name="m_axi_gmem0_BID">in, 1, m_axi, gmem0, pointer</column>
<column name="m_axi_gmem0_BUSER">in, 1, m_axi, gmem0, pointer</column>
<column name="m_axi_gmem1_AWVALID">out, 1, m_axi, gmem1, pointer</column>
<column name="m_axi_gmem1_AWREADY">in, 1, m_axi, gmem1, pointer</column>
<column name="m_axi_gmem1_AWADDR">out, 64, m_axi, gmem1, pointer</column>
<column name="m_axi_gmem1_AWID">out, 1, m_axi, gmem1, pointer</column>
<column name="m_axi_gmem1_AWLEN">out, 8, m_axi, gmem1, pointer</column>
<column name="m_axi_gmem1_AWSIZE">out, 3, m_axi, gmem1, pointer</column>
<column name="m_axi_gmem1_AWBURST">out, 2, m_axi, gmem1, pointer</column>
<column name="m_axi_gmem1_AWLOCK">out, 2, m_axi, gmem1, pointer</column>
<column name="m_axi_gmem1_AWCACHE">out, 4, m_axi, gmem1, pointer</column>
<column name="m_axi_gmem1_AWPROT">out, 3, m_axi, gmem1, pointer</column>
<column name="m_axi_gmem1_AWQOS">out, 4, m_axi, gmem1, pointer</column>
<column name="m_axi_gmem1_AWREGION">out, 4, m_axi, gmem1, pointer</column>
<column name="m_axi_gmem1_AWUSER">out, 1, m_axi, gmem1, pointer</column>
<column name="m_axi_gmem1_WVALID">out, 1, m_axi, gmem1, pointer</column>
<column name="m_axi_gmem1_WREADY">in, 1, m_axi, gmem1, pointer</column>
<column name="m_axi_gmem1_WDATA">out, 32, m_axi, gmem1, pointer</column>
<column name="m_axi_gmem1_WSTRB">out, 4, m_axi, gmem1, pointer</column>
<column name="m_axi_gmem1_WLAST">out, 1, m_axi, gmem1, pointer</column>
<column name="m_axi_gmem1_WID">out, 1, m_axi, gmem1, pointer</column>
<column name="m_axi_gmem1_WUSER">out, 1, m_axi, gmem1, pointer</column>
<column name="m_axi_gmem1_ARVALID">out, 1, m_axi, gmem1, pointer</column>
<column name="m_axi_gmem1_ARREADY">in, 1, m_axi, gmem1, pointer</column>
<column name="m_axi_gmem1_ARADDR">out, 64, m_axi, gmem1, pointer</column>
<column name="m_axi_gmem1_ARID">out, 1, m_axi, gmem1, pointer</column>
<column name="m_axi_gmem1_ARLEN">out, 8, m_axi, gmem1, pointer</column>
<column name="m_axi_gmem1_ARSIZE">out, 3, m_axi, gmem1, pointer</column>
<column name="m_axi_gmem1_ARBURST">out, 2, m_axi, gmem1, pointer</column>
<column name="m_axi_gmem1_ARLOCK">out, 2, m_axi, gmem1, pointer</column>
<column name="m_axi_gmem1_ARCACHE">out, 4, m_axi, gmem1, pointer</column>
<column name="m_axi_gmem1_ARPROT">out, 3, m_axi, gmem1, pointer</column>
<column name="m_axi_gmem1_ARQOS">out, 4, m_axi, gmem1, pointer</column>
<column name="m_axi_gmem1_ARREGION">out, 4, m_axi, gmem1, pointer</column>
<column name="m_axi_gmem1_ARUSER">out, 1, m_axi, gmem1, pointer</column>
<column name="m_axi_gmem1_RVALID">in, 1, m_axi, gmem1, pointer</column>
<column name="m_axi_gmem1_RREADY">out, 1, m_axi, gmem1, pointer</column>
<column name="m_axi_gmem1_RDATA">in, 32, m_axi, gmem1, pointer</column>
<column name="m_axi_gmem1_RLAST">in, 1, m_axi, gmem1, pointer</column>
<column name="m_axi_gmem1_RID">in, 1, m_axi, gmem1, pointer</column>
<column name="m_axi_gmem1_RUSER">in, 1, m_axi, gmem1, pointer</column>
<column name="m_axi_gmem1_RRESP">in, 2, m_axi, gmem1, pointer</column>
<column name="m_axi_gmem1_BVALID">in, 1, m_axi, gmem1, pointer</column>
<column name="m_axi_gmem1_BREADY">out, 1, m_axi, gmem1, pointer</column>
<column name="m_axi_gmem1_BRESP">in, 2, m_axi, gmem1, pointer</column>
<column name="m_axi_gmem1_BID">in, 1, m_axi, gmem1, pointer</column>
<column name="m_axi_gmem1_BUSER">in, 1, m_axi, gmem1, pointer</column>
</table>
</item>
</section>
</profile>
