<stg><name>fpga417_fir_Pipeline_VITIS_LOOP_15_2</name>


<trans_list>

<trans id="67" from="1" to="2">
<condition id="-1">
<or_exp><and_exp></and_exp></or_exp>
</condition>
</trans>

<trans id="68" from="2" to="3">
<condition id="-1">
<or_exp><and_exp></and_exp></or_exp>
</condition>
</trans>

<trans id="69" from="3" to="4">
<condition id="-1">
<or_exp><and_exp></and_exp></or_exp>
</condition>
</trans>

<trans id="70" from="4" to="5">
<condition id="-1">
<or_exp><and_exp></and_exp></or_exp>
</condition>
</trans>

<trans id="73" from="5" to="6">
<condition id="-1">
<or_exp><and_exp></and_exp></or_exp>
</condition>
</trans>
</trans_list>



<state_list>

<state id="1" st_id="2">

<operation id="9" st_id="1" stage="1" lat="1">
<core>NULL</core>
<MemPortIdVec></MemPortIdVec>
<condition id="-1">
<or_exp><and_exp></and_exp></or_exp>
</condition>

<Node id="7" bw="4" op_0_bw="32">
<![CDATA[
newFuncRoot:0 %i = alloca i32 1

]]></Node>
<StgValue><ssdm name="i"/></StgValue>
</operation>

<operation id="10" st_id="1" stage="1" lat="1">
<core>NULL</core>
<MemPortIdVec></MemPortIdVec>
<condition id="-1">
<or_exp><and_exp></and_exp></or_exp>
</condition>

<Node id="8" bw="32" op_0_bw="32" op_1_bw="32">
<![CDATA[
newFuncRoot:1 %gmem1_addr_read_3 = read i32 @_ssdm_op_Read.ap_auto.i32, i32 %gmem1_addr_read_2

]]></Node>
<StgValue><ssdm name="gmem1_addr_read_3"/></StgValue>
</operation>

<operation id="11" st_id="1" stage="1" lat="1">
<core>NULL</core>
<MemPortIdVec></MemPortIdVec>
<condition id="-1">
<or_exp><and_exp></and_exp></or_exp>
</condition>

<Node id="9" bw="32" op_0_bw="32" op_1_bw="32">
<![CDATA[
newFuncRoot:2 %gmem1_addr_read_4 = read i32 @_ssdm_op_Read.ap_auto.i32, i32 %gmem1_addr_read_1

]]></Node>
<StgValue><ssdm name="gmem1_addr_read_4"/></StgValue>
</operation>

<operation id="12" st_id="1" stage="1" lat="1">
<core>NULL</core>
<MemPortIdVec></MemPortIdVec>
<condition id="-1">
<or_exp><and_exp></and_exp></or_exp>
</condition>

<Node id="10" bw="32" op_0_bw="32" op_1_bw="32">
<![CDATA[
newFuncRoot:3 %gmem1_addr_read_5 = read i32 @_ssdm_op_Read.ap_auto.i32, i32 %gmem1_addr_read

]]></Node>
<StgValue><ssdm name="gmem1_addr_read_5"/></StgValue>
</operation>

<operation id="13" st_id="1" stage="1" lat="1">
<core>NULL</core>
<MemPortIdVec></MemPortIdVec>
<condition id="-1">
<or_exp><and_exp></and_exp></or_exp>
</condition>

<Node id="11" bw="62" op_0_bw="62" op_1_bw="62">
<![CDATA[
newFuncRoot:4 %sext_ln11_read = read i62 @_ssdm_op_Read.ap_auto.i62, i62 %sext_ln11

]]></Node>
<StgValue><ssdm name="sext_ln11_read"/></StgValue>
</operation>

<operation id="14" st_id="1" stage="1" lat="1">
<core>NULL</core>
<MemPortIdVec></MemPortIdVec>
<condition id="-1">
<or_exp><and_exp></and_exp></or_exp>
</condition>

<Node id="12" bw="64" op_0_bw="62">
<![CDATA[
newFuncRoot:5 %sext_ln11_cast = sext i62 %sext_ln11_read

]]></Node>
<StgValue><ssdm name="sext_ln11_cast"/></StgValue>
</operation>

<operation id="15" st_id="1" stage="1" lat="1">
<core>NULL</core>
<MemPortIdVec></MemPortIdVec>
<condition id="-1">
<or_exp><and_exp></and_exp></or_exp>
</condition>

<Node id="13" bw="0" op_0_bw="0" op_1_bw="32" op_2_bw="0" op_3_bw="32" op_4_bw="32" op_5_bw="0" op_6_bw="32" op_7_bw="32" op_8_bw="0" op_9_bw="0" op_10_bw="0" op_11_bw="32" op_12_bw="32" op_13_bw="32" op_14_bw="32" op_15_bw="0" op_16_bw="0">
<![CDATA[
newFuncRoot:6 %specinterface_ln0 = specinterface void @_ssdm_op_SpecInterface, i32 %gmem0, void @empty, i32 0, i32 0, void @empty_0, i32 0, i32 0, void @empty_1, void @empty_2, void @empty_0, i32 16, i32 16, i32 16, i32 16, void @empty_0, void @empty_0

]]></Node>
<StgValue><ssdm name="specinterface_ln0"/></StgValue>
</operation>

<operation id="16" st_id="1" stage="1" lat="1">
<core>NULL</core>
<MemPortIdVec></MemPortIdVec>
<condition id="-1">
<or_exp><and_exp></and_exp></or_exp>
</condition>

<Node id="14" bw="0" op_0_bw="4" op_1_bw="4">
<![CDATA[
newFuncRoot:7 %store_ln0 = store i4 2, i4 %i

]]></Node>
<StgValue><ssdm name="store_ln0"/></StgValue>
</operation>

<operation id="17" st_id="1" stage="1" lat="1">
<core>NULL</core>
<MemPortIdVec></MemPortIdVec>
<condition id="-1">
<or_exp><and_exp></and_exp></or_exp>
</condition>

<Node id="15" bw="0" op_0_bw="0">
<![CDATA[
newFuncRoot:8 %br_ln0 = br void

]]></Node>
<StgValue><ssdm name="br_ln0"/></StgValue>
</operation>

<operation id="18" st_id="1" stage="1" lat="1">
<core>NULL</core>
<MemPortIdVec></MemPortIdVec>
<condition id="-1">
<or_exp><and_exp></and_exp></or_exp>
</condition>

<Node id="17" bw="4" op_0_bw="4" op_1_bw="0">
<![CDATA[
:0 %i_1 = load i4 %i

]]></Node>
<StgValue><ssdm name="i_1"/></StgValue>
</operation>

<operation id="19" st_id="1" stage="1" lat="1">
<core>Cmp</core>
<MemPortIdVec></MemPortIdVec>
<condition id="-1">
<or_exp><and_exp></and_exp></or_exp>
</condition>

<Node id="21" bw="1" op_0_bw="4" op_1_bw="4">
<![CDATA[
:4 %icmp_ln15 = icmp_eq  i4 %i_1, i4 10

]]></Node>
<StgValue><ssdm name="icmp_ln15"/></StgValue>
</operation>

<operation id="20" st_id="1" stage="1" lat="1">
<core>NULL</core>
<MemPortIdVec></MemPortIdVec>
<condition id="-1">
<or_exp><and_exp></and_exp></or_exp>
</condition>

<Node id="23" bw="0" op_0_bw="1" op_1_bw="0" op_2_bw="0">
<![CDATA[
:6 %br_ln15 = br i1 %icmp_ln15, void %.split, void %.exitStub

]]></Node>
<StgValue><ssdm name="br_ln15"/></StgValue>
</operation>

<operation id="21" st_id="1" stage="1" lat="1">
<core>NULL</core>
<MemPortIdVec></MemPortIdVec>
<condition id="-1">
<or_exp><and_exp><literal name="icmp_ln15" val="0"/>
</and_exp></or_exp>
</condition>

<Node id="25" bw="64" op_0_bw="4">
<![CDATA[
.split:0 %i_cast = zext i4 %i_1

]]></Node>
<StgValue><ssdm name="i_cast"/></StgValue>
</operation>

<operation id="22" st_id="1" stage="1" lat="1">
<core>NULL</core>
<MemPortIdVec></MemPortIdVec>
<condition id="-1">
<or_exp><and_exp><literal name="icmp_ln15" val="0"/>
</and_exp></or_exp>
</condition>

<Node id="27" bw="4" op_0_bw="32" op_1_bw="64" op_2_bw="64">
<![CDATA[
.split:2 %temp_addr = getelementptr i32 %temp, i64 0, i64 %i_cast

]]></Node>
<StgValue><ssdm name="temp_addr"/></StgValue>
</operation>

<operation id="23" st_id="1" stage="2" lat="2">
<core>RAM_1WnR</core>
<MemPortIdVec>2 </MemPortIdVec>
<condition id="-1">
<or_exp><and_exp><literal name="icmp_ln15" val="0"/>
</and_exp></or_exp>
</condition>

<Node id="28" bw="32" op_0_bw="4">
<![CDATA[
.split:3 %temp_load = load i4 %temp_addr

]]></Node>
<StgValue><ssdm name="temp_load"/></StgValue>
</operation>

<operation id="24" st_id="1" stage="1" lat="1">
<core>Adder</core>
<MemPortIdVec></MemPortIdVec>
<condition id="-1">
<or_exp><and_exp><literal name="icmp_ln15" val="0"/>
</and_exp></or_exp>
</condition>

<Node id="30" bw="4" op_0_bw="4" op_1_bw="4">
<![CDATA[
.split:5 %add_ln25 = add i4 %i_1, i4 15

]]></Node>
<StgValue><ssdm name="add_ln25"/></StgValue>
</operation>

<operation id="25" st_id="1" stage="1" lat="1">
<core>NULL</core>
<MemPortIdVec></MemPortIdVec>
<condition id="-1">
<or_exp><and_exp><literal name="icmp_ln15" val="0"/>
</and_exp></or_exp>
</condition>

<Node id="31" bw="64" op_0_bw="4">
<![CDATA[
.split:6 %zext_ln25 = zext i4 %add_ln25

]]></Node>
<StgValue><ssdm name="zext_ln25"/></StgValue>
</operation>

<operation id="26" st_id="1" stage="1" lat="1">
<core>NULL</core>
<MemPortIdVec></MemPortIdVec>
<condition id="-1">
<or_exp><and_exp><literal name="icmp_ln15" val="0"/>
</and_exp></or_exp>
</condition>

<Node id="32" bw="4" op_0_bw="32" op_1_bw="64" op_2_bw="64">
<![CDATA[
.split:7 %temp_addr_1 = getelementptr i32 %temp, i64 0, i64 %zext_ln25

]]></Node>
<StgValue><ssdm name="temp_addr_1"/></StgValue>
</operation>

<operation id="27" st_id="1" stage="2" lat="2">
<core>RAM_1WnR</core>
<MemPortIdVec>1 </MemPortIdVec>
<condition id="-1">
<or_exp><and_exp><literal name="icmp_ln15" val="0"/>
</and_exp></or_exp>
</condition>

<Node id="33" bw="32" op_0_bw="4">
<![CDATA[
.split:8 %temp_load_1 = load i4 %temp_addr_1

]]></Node>
<StgValue><ssdm name="temp_load_1"/></StgValue>
</operation>

<operation id="28" st_id="1" stage="1" lat="1">
<core>Adder</core>
<MemPortIdVec></MemPortIdVec>
<condition id="-1">
<or_exp><and_exp><literal name="icmp_ln15" val="0"/>
</and_exp></or_exp>
</condition>

<Node id="35" bw="4" op_0_bw="4" op_1_bw="4">
<![CDATA[
.split:10 %add_ln25_1 = add i4 %i_1, i4 14

]]></Node>
<StgValue><ssdm name="add_ln25_1"/></StgValue>
</operation>

<operation id="29" st_id="1" stage="1" lat="1">
<core>NULL</core>
<MemPortIdVec></MemPortIdVec>
<condition id="-1">
<or_exp><and_exp><literal name="icmp_ln15" val="0"/>
</and_exp></or_exp>
</condition>

<Node id="36" bw="64" op_0_bw="4">
<![CDATA[
.split:11 %zext_ln25_1 = zext i4 %add_ln25_1

]]></Node>
<StgValue><ssdm name="zext_ln25_1"/></StgValue>
</operation>

<operation id="30" st_id="1" stage="1" lat="1">
<core>NULL</core>
<MemPortIdVec></MemPortIdVec>
<condition id="-1">
<or_exp><and_exp><literal name="icmp_ln15" val="0"/>
</and_exp></or_exp>
</condition>

<Node id="37" bw="4" op_0_bw="32" op_1_bw="64" op_2_bw="64">
<![CDATA[
.split:12 %temp_addr_2 = getelementptr i32 %temp, i64 0, i64 %zext_ln25_1

]]></Node>
<StgValue><ssdm name="temp_addr_2"/></StgValue>
</operation>

<operation id="31" st_id="1" stage="2" lat="2">
<core>RAM_1WnR</core>
<MemPortIdVec>0 </MemPortIdVec>
<condition id="-1">
<or_exp><and_exp><literal name="icmp_ln15" val="0"/>
</and_exp></or_exp>
</condition>

<Node id="38" bw="32" op_0_bw="4">
<![CDATA[
.split:13 %temp_load_2 = load i4 %temp_addr_2

]]></Node>
<StgValue><ssdm name="temp_load_2"/></StgValue>
</operation>

<operation id="32" st_id="1" stage="1" lat="1">
<core>Adder</core>
<MemPortIdVec></MemPortIdVec>
<condition id="-1">
<or_exp><and_exp><literal name="icmp_ln15" val="0"/>
</and_exp></or_exp>
</condition>

<Node id="43" bw="4" op_0_bw="4" op_1_bw="4">
<![CDATA[
.split:18 %add_ln15 = add i4 %i_1, i4 1

]]></Node>
<StgValue><ssdm name="add_ln15"/></StgValue>
</operation>

<operation id="33" st_id="1" stage="1" lat="1">
<core>NULL</core>
<MemPortIdVec></MemPortIdVec>
<condition id="-1">
<or_exp><and_exp><literal name="icmp_ln15" val="0"/>
</and_exp></or_exp>
</condition>

<Node id="44" bw="0" op_0_bw="4" op_1_bw="4" op_2_bw="0" op_3_bw="0">
<![CDATA[
.split:19 %store_ln15 = store i4 %add_ln15, i4 %i

]]></Node>
<StgValue><ssdm name="store_ln15"/></StgValue>
</operation>
</state>

<state id="2" st_id="3">

<operation id="34" st_id="2" stage="1" lat="2">
<core>RAM_1WnR</core>
<MemPortIdVec>2 </MemPortIdVec>
<condition id="-1">
<or_exp><and_exp><literal name="icmp_ln15" val="0"/>
</and_exp></or_exp>
</condition>

<Node id="28" bw="32" op_0_bw="4">
<![CDATA[
.split:3 %temp_load = load i4 %temp_addr

]]></Node>
<StgValue><ssdm name="temp_load"/></StgValue>
</operation>

<operation id="35" st_id="2" stage="1" lat="2">
<core>RAM_1WnR</core>
<MemPortIdVec>1 </MemPortIdVec>
<condition id="-1">
<or_exp><and_exp><literal name="icmp_ln15" val="0"/>
</and_exp></or_exp>
</condition>

<Node id="33" bw="32" op_0_bw="4">
<![CDATA[
.split:8 %temp_load_1 = load i4 %temp_addr_1

]]></Node>
<StgValue><ssdm name="temp_load_1"/></StgValue>
</operation>

<operation id="36" st_id="2" stage="1" lat="2">
<core>RAM_1WnR</core>
<MemPortIdVec>0 </MemPortIdVec>
<condition id="-1">
<or_exp><and_exp><literal name="icmp_ln15" val="0"/>
</and_exp></or_exp>
</condition>

<Node id="38" bw="32" op_0_bw="4">
<![CDATA[
.split:13 %temp_load_2 = load i4 %temp_addr_2

]]></Node>
<StgValue><ssdm name="temp_load_2"/></StgValue>
</operation>
</state>

<state id="3" st_id="4">

<operation id="37" st_id="3" stage="2" lat="2">
<core>Multiplier</core>
<MemPortIdVec></MemPortIdVec>
<condition id="-1">
<or_exp><and_exp><literal name="icmp_ln15" val="0"/>
</and_exp></or_exp>
</condition>

<Node id="29" bw="32" op_0_bw="32" op_1_bw="32">
<![CDATA[
.split:4 %mul_ln25 = mul i32 %temp_load, i32 %gmem1_addr_read_5

]]></Node>
<StgValue><ssdm name="mul_ln25"/></StgValue>
</operation>

<operation id="38" st_id="3" stage="2" lat="2">
<core>Multiplier</core>
<MemPortIdVec></MemPortIdVec>
<condition id="-1">
<or_exp><and_exp><literal name="icmp_ln15" val="0"/>
</and_exp></or_exp>
</condition>

<Node id="34" bw="32" op_0_bw="32" op_1_bw="32">
<![CDATA[
.split:9 %mul_ln25_1 = mul i32 %temp_load_1, i32 %gmem1_addr_read_4

]]></Node>
<StgValue><ssdm name="mul_ln25_1"/></StgValue>
</operation>

<operation id="39" st_id="3" stage="2" lat="2">
<core>Multiplier</core>
<MemPortIdVec></MemPortIdVec>
<condition id="-1">
<or_exp><and_exp><literal name="icmp_ln15" val="0"/>
</and_exp></or_exp>
</condition>

<Node id="39" bw="32" op_0_bw="32" op_1_bw="32">
<![CDATA[
.split:14 %mul_ln25_2 = mul i32 %temp_load_2, i32 %gmem1_addr_read_3

]]></Node>
<StgValue><ssdm name="mul_ln25_2"/></StgValue>
</operation>
</state>

<state id="4" st_id="5">

<operation id="40" st_id="4" stage="1" lat="2">
<core>Multiplier</core>
<MemPortIdVec></MemPortIdVec>
<condition id="-1">
<or_exp><and_exp><literal name="icmp_ln15" val="0"/>
</and_exp></or_exp>
</condition>

<Node id="29" bw="32" op_0_bw="32" op_1_bw="32">
<![CDATA[
.split:4 %mul_ln25 = mul i32 %temp_load, i32 %gmem1_addr_read_5

]]></Node>
<StgValue><ssdm name="mul_ln25"/></StgValue>
</operation>

<operation id="41" st_id="4" stage="1" lat="2">
<core>Multiplier</core>
<MemPortIdVec></MemPortIdVec>
<condition id="-1">
<or_exp><and_exp><literal name="icmp_ln15" val="0"/>
</and_exp></or_exp>
</condition>

<Node id="34" bw="32" op_0_bw="32" op_1_bw="32">
<![CDATA[
.split:9 %mul_ln25_1 = mul i32 %temp_load_1, i32 %gmem1_addr_read_4

]]></Node>
<StgValue><ssdm name="mul_ln25_1"/></StgValue>
</operation>

<operation id="42" st_id="4" stage="1" lat="2">
<core>Multiplier</core>
<MemPortIdVec></MemPortIdVec>
<condition id="-1">
<or_exp><and_exp><literal name="icmp_ln15" val="0"/>
</and_exp></or_exp>
</condition>

<Node id="39" bw="32" op_0_bw="32" op_1_bw="32">
<![CDATA[
.split:14 %mul_ln25_2 = mul i32 %temp_load_2, i32 %gmem1_addr_read_3

]]></Node>
<StgValue><ssdm name="mul_ln25_2"/></StgValue>
</operation>
</state>

<state id="5" st_id="6">

<operation id="43" st_id="5" stage="1" lat="1">
<core>NULL</core>
<MemPortIdVec></MemPortIdVec>
<condition id="-1">
<or_exp><and_exp></and_exp></or_exp>
</condition>

<Node id="18" bw="0" op_0_bw="0" op_1_bw="32">
<![CDATA[
:1 %specbitsmap_ln0 = specbitsmap void @_ssdm_op_SpecBitsMap, i32 %gmem0

]]></Node>
<StgValue><ssdm name="specbitsmap_ln0"/></StgValue>
</operation>

<operation id="44" st_id="5" stage="1" lat="1">
<core>NULL</core>
<MemPortIdVec></MemPortIdVec>
<condition id="-1">
<or_exp><and_exp></and_exp></or_exp>
</condition>

<Node id="19" bw="64" op_0_bw="64" op_1_bw="64">
<![CDATA[
:2 %gmem0_addr = getelementptr i32 %gmem0, i64 %sext_ln11_cast

]]></Node>
<StgValue><ssdm name="gmem0_addr"/></StgValue>
</operation>

<operation id="45" st_id="5" stage="1" lat="1">
<core>NULL</core>
<MemPortIdVec></MemPortIdVec>
<condition id="-1">
<or_exp><and_exp></and_exp></or_exp>
</condition>

<Node id="20" bw="0" op_0_bw="0" op_1_bw="32" op_2_bw="32" op_3_bw="32" op_4_bw="32" op_5_bw="0">
<![CDATA[
:3 %specpipeline_ln0 = specpipeline void @_ssdm_op_SpecPipeline, i32 4294967295, i32 0, i32 1, i32 0, void @p_str

]]></Node>
<StgValue><ssdm name="specpipeline_ln0"/></StgValue>
</operation>

<operation id="46" st_id="5" stage="1" lat="1">
<core>NULL</core>
<MemPortIdVec></MemPortIdVec>
<condition id="-1">
<or_exp><and_exp></and_exp></or_exp>
</condition>

<Node id="22" bw="32" op_0_bw="32" op_1_bw="64" op_2_bw="64" op_3_bw="64">
<![CDATA[
:5 %empty = speclooptripcount i32 @_ssdm_op_SpecLoopTripCount, i64 8, i64 8, i64 8

]]></Node>
<StgValue><ssdm name="empty"/></StgValue>
</operation>

<operation id="47" st_id="5" stage="1" lat="1">
<core>TAddSub</core>
<MemPortIdVec></MemPortIdVec>
<condition id="-1">
<or_exp><and_exp><literal name="icmp_ln15" val="0"/>
</and_exp></or_exp>
</condition>

<Node id="40" bw="32" op_0_bw="32" op_1_bw="32">
<![CDATA[
.split:15 %add_ln25_2 = add i32 %mul_ln25, i32 %mul_ln25_2

]]></Node>
<StgValue><ssdm name="add_ln25_2"/></StgValue>
</operation>

<operation id="48" st_id="5" stage="1" lat="1">
<core>TAddSub</core>
<MemPortIdVec></MemPortIdVec>
<condition id="-1">
<or_exp><and_exp><literal name="icmp_ln15" val="0"/>
</and_exp></or_exp>
</condition>

<Node id="41" bw="32" op_0_bw="32" op_1_bw="32">
<![CDATA[
.split:16 %output = add i32 %add_ln25_2, i32 %mul_ln25_1

]]></Node>
<StgValue><ssdm name="output"/></StgValue>
</operation>

<operation id="52" st_id="5" stage="1" lat="1">
<core>NULL</core>
<MemPortIdVec></MemPortIdVec>
<condition id="-1">
<or_exp><and_exp><literal name="icmp_ln15" val="1"/>
</and_exp></or_exp>
</condition>

<Node id="47" bw="0">
<![CDATA[
.exitStub:0 %ret_ln0 = ret

]]></Node>
<StgValue><ssdm name="ret_ln0"/></StgValue>
</operation>
</state>

<state id="6" st_id="7">

<operation id="49" st_id="6" stage="1" lat="1">
<core>NULL</core>
<MemPortIdVec></MemPortIdVec>
<condition id="-1">
<or_exp><and_exp></and_exp></or_exp>
</condition>

<Node id="26" bw="0" op_0_bw="0" op_1_bw="0">
<![CDATA[
.split:1 %specloopname_ln15 = specloopname void @_ssdm_op_SpecLoopName, void @empty_12

]]></Node>
<StgValue><ssdm name="specloopname_ln15"/></StgValue>
</operation>

<operation id="50" st_id="6" stage="1" lat="1">
<core>m_axi</core>
<MemPortIdVec></MemPortIdVec>
<condition id="-1">
<or_exp><and_exp></and_exp></or_exp>
</condition>

<Node id="42" bw="0" op_0_bw="0" op_1_bw="32" op_2_bw="32" op_3_bw="4">
<![CDATA[
.split:17 %write_ln26 = write void @_ssdm_op_Write.m_axi.p1i32, i64 %gmem0_addr, i32 %output, i4 15

]]></Node>
<StgValue><ssdm name="write_ln26"/></StgValue>
</operation>

<operation id="51" st_id="6" stage="1" lat="1">
<core>NULL</core>
<MemPortIdVec></MemPortIdVec>
<condition id="-1">
<or_exp><and_exp></and_exp></or_exp>
</condition>

<Node id="45" bw="0" op_0_bw="0">
<![CDATA[
.split:20 %br_ln0 = br void

]]></Node>
<StgValue><ssdm name="br_ln0"/></StgValue>
</operation>
</state>
</state_list>


<ports>
<port id="74" name="gmem0" dir="1" iftype="4">
<core>NULL</core><StgValue><ssdm name="gmem0"/></StgValue>
</port>
<port id="75" name="sext_ln11" dir="0" iftype="0">
<core>NULL</core><StgValue><ssdm name="sext_ln11"/></StgValue>
</port>
<port id="76" name="temp" dir="0" iftype="1">
<core>RAM_1WnR</core><StgValue><ssdm name="temp"/><MemPortTyVec>1 1 1 3 3 3 3 3 3 3 3 3 3 3 3 3 3 </MemPortTyVec>
</StgValue>
</port>
<port id="77" name="gmem1_addr_read" dir="0" iftype="0">
<core>NULL</core><StgValue><ssdm name="gmem1_addr_read"/></StgValue>
</port>
<port id="78" name="gmem1_addr_read_1" dir="0" iftype="0">
<core>NULL</core><StgValue><ssdm name="gmem1_addr_read_1"/></StgValue>
</port>
<port id="79" name="gmem1_addr_read_2" dir="0" iftype="0">
<core>NULL</core><StgValue><ssdm name="gmem1_addr_read_2"/></StgValue>
</port>
</ports>


<dataflows>
<dataflow id="81" from="StgValue_80" to="i" fromId="80" toId="9">
</dataflow>
<dataflow id="83" from="_ssdm_op_Read.ap_auto.i32" to="gmem1_addr_read_3" fromId="82" toId="10">
</dataflow>
<dataflow id="84" from="gmem1_addr_read_2" to="gmem1_addr_read_3" fromId="79" toId="10">
</dataflow>
<dataflow id="85" from="_ssdm_op_Read.ap_auto.i32" to="gmem1_addr_read_4" fromId="82" toId="11">
</dataflow>
<dataflow id="86" from="gmem1_addr_read_1" to="gmem1_addr_read_4" fromId="78" toId="11">
</dataflow>
<dataflow id="87" from="_ssdm_op_Read.ap_auto.i32" to="gmem1_addr_read_5" fromId="82" toId="12">
</dataflow>
<dataflow id="88" from="gmem1_addr_read" to="gmem1_addr_read_5" fromId="77" toId="12">
</dataflow>
<dataflow id="90" from="_ssdm_op_Read.ap_auto.i62" to="sext_ln11_read" fromId="89" toId="13">
</dataflow>
<dataflow id="91" from="sext_ln11" to="sext_ln11_read" fromId="75" toId="13">
</dataflow>
<dataflow id="92" from="sext_ln11_read" to="sext_ln11_cast" fromId="13" toId="14">
</dataflow>
<dataflow id="94" from="_ssdm_op_SpecInterface" to="specinterface_ln0" fromId="93" toId="15">
</dataflow>
<dataflow id="95" from="gmem0" to="specinterface_ln0" fromId="74" toId="15">
</dataflow>
<dataflow id="97" from="empty" to="specinterface_ln0" fromId="96" toId="15">
</dataflow>
<dataflow id="99" from="StgValue_98" to="specinterface_ln0" fromId="98" toId="15">
</dataflow>
<dataflow id="100" from="StgValue_98" to="specinterface_ln0" fromId="98" toId="15">
</dataflow>
<dataflow id="102" from="empty_0" to="specinterface_ln0" fromId="101" toId="15">
</dataflow>
<dataflow id="103" from="StgValue_98" to="specinterface_ln0" fromId="98" toId="15">
</dataflow>
<dataflow id="104" from="StgValue_98" to="specinterface_ln0" fromId="98" toId="15">
</dataflow>
<dataflow id="106" from="empty_1" to="specinterface_ln0" fromId="105" toId="15">
</dataflow>
<dataflow id="108" from="empty_2" to="specinterface_ln0" fromId="107" toId="15">
</dataflow>
<dataflow id="109" from="empty_0" to="specinterface_ln0" fromId="101" toId="15">
</dataflow>
<dataflow id="111" from="StgValue_110" to="specinterface_ln0" fromId="110" toId="15">
</dataflow>
<dataflow id="112" from="StgValue_110" to="specinterface_ln0" fromId="110" toId="15">
</dataflow>
<dataflow id="113" from="StgValue_110" to="specinterface_ln0" fromId="110" toId="15">
</dataflow>
<dataflow id="114" from="StgValue_110" to="specinterface_ln0" fromId="110" toId="15">
</dataflow>
<dataflow id="115" from="empty_0" to="specinterface_ln0" fromId="101" toId="15">
</dataflow>
<dataflow id="116" from="empty_0" to="specinterface_ln0" fromId="101" toId="15">
</dataflow>
<dataflow id="118" from="StgValue_117" to="store_ln0" fromId="117" toId="16">
</dataflow>
<dataflow id="119" from="i" to="store_ln0" fromId="9" toId="16">
</dataflow>
<dataflow id="120" from="i" to="i_1" fromId="9" toId="18">
</dataflow>
<dataflow id="121" from="i_1" to="icmp_ln15" fromId="18" toId="19">
</dataflow>
<dataflow id="123" from="StgValue_122" to="icmp_ln15" fromId="122" toId="19">
</dataflow>
<dataflow id="124" from="icmp_ln15" to="br_ln15" fromId="19" toId="20">
</dataflow>
<dataflow id="125" from="i_1" to="i_cast" fromId="18" toId="21">
</dataflow>
<dataflow id="126" from="temp" to="temp_addr" fromId="76" toId="22">
</dataflow>
<dataflow id="128" from="StgValue_127" to="temp_addr" fromId="127" toId="22">
</dataflow>
<dataflow id="129" from="i_cast" to="temp_addr" fromId="21" toId="22">
</dataflow>
<dataflow id="130" from="temp_addr" to="temp_load" fromId="22" toId="23">
</dataflow>
<dataflow id="131" from="i_1" to="add_ln25" fromId="18" toId="24">
</dataflow>
<dataflow id="133" from="StgValue_132" to="add_ln25" fromId="132" toId="24">
</dataflow>
<dataflow id="134" from="add_ln25" to="zext_ln25" fromId="24" toId="25">
</dataflow>
<dataflow id="135" from="temp" to="temp_addr_1" fromId="76" toId="26">
</dataflow>
<dataflow id="136" from="StgValue_127" to="temp_addr_1" fromId="127" toId="26">
</dataflow>
<dataflow id="137" from="zext_ln25" to="temp_addr_1" fromId="25" toId="26">
</dataflow>
<dataflow id="138" from="temp_addr_1" to="temp_load_1" fromId="26" toId="27">
</dataflow>
<dataflow id="139" from="i_1" to="add_ln25_1" fromId="18" toId="28">
</dataflow>
<dataflow id="141" from="StgValue_140" to="add_ln25_1" fromId="140" toId="28">
</dataflow>
<dataflow id="142" from="add_ln25_1" to="zext_ln25_1" fromId="28" toId="29">
</dataflow>
<dataflow id="143" from="temp" to="temp_addr_2" fromId="76" toId="30">
</dataflow>
<dataflow id="144" from="StgValue_127" to="temp_addr_2" fromId="127" toId="30">
</dataflow>
<dataflow id="145" from="zext_ln25_1" to="temp_addr_2" fromId="29" toId="30">
</dataflow>
<dataflow id="146" from="temp_addr_2" to="temp_load_2" fromId="30" toId="31">
</dataflow>
<dataflow id="147" from="i_1" to="add_ln15" fromId="18" toId="32">
</dataflow>
<dataflow id="149" from="StgValue_148" to="add_ln15" fromId="148" toId="32">
</dataflow>
<dataflow id="150" from="add_ln15" to="store_ln15" fromId="32" toId="33">
</dataflow>
<dataflow id="151" from="i" to="store_ln15" fromId="9" toId="33">
</dataflow>
<dataflow id="152" from="temp_addr" to="temp_load" fromId="22" toId="34">
</dataflow>
<dataflow id="153" from="temp_addr_1" to="temp_load_1" fromId="26" toId="35">
</dataflow>
<dataflow id="154" from="temp_addr_2" to="temp_load_2" fromId="30" toId="36">
</dataflow>
<dataflow id="155" from="temp_load" to="mul_ln25" fromId="34" toId="37">
</dataflow>
<dataflow id="156" from="gmem1_addr_read_5" to="mul_ln25" fromId="12" toId="37">
</dataflow>
<dataflow id="157" from="temp_load_1" to="mul_ln25_1" fromId="35" toId="38">
</dataflow>
<dataflow id="158" from="gmem1_addr_read_4" to="mul_ln25_1" fromId="11" toId="38">
</dataflow>
<dataflow id="159" from="temp_load_2" to="mul_ln25_2" fromId="36" toId="39">
</dataflow>
<dataflow id="160" from="gmem1_addr_read_3" to="mul_ln25_2" fromId="10" toId="39">
</dataflow>
<dataflow id="161" from="temp_load" to="mul_ln25" fromId="34" toId="40">
</dataflow>
<dataflow id="162" from="gmem1_addr_read_5" to="mul_ln25" fromId="12" toId="40">
</dataflow>
<dataflow id="163" from="temp_load_1" to="mul_ln25_1" fromId="35" toId="41">
</dataflow>
<dataflow id="164" from="gmem1_addr_read_4" to="mul_ln25_1" fromId="11" toId="41">
</dataflow>
<dataflow id="165" from="temp_load_2" to="mul_ln25_2" fromId="36" toId="42">
</dataflow>
<dataflow id="166" from="gmem1_addr_read_3" to="mul_ln25_2" fromId="10" toId="42">
</dataflow>
<dataflow id="168" from="_ssdm_op_SpecBitsMap" to="specbitsmap_ln0" fromId="167" toId="43">
</dataflow>
<dataflow id="169" from="gmem0" to="specbitsmap_ln0" fromId="74" toId="43">
</dataflow>
<dataflow id="170" from="gmem0" to="gmem0_addr" fromId="74" toId="44">
</dataflow>
<dataflow id="171" from="sext_ln11_cast" to="gmem0_addr" fromId="14" toId="44">
</dataflow>
<dataflow id="173" from="_ssdm_op_SpecPipeline" to="specpipeline_ln0" fromId="172" toId="45">
</dataflow>
<dataflow id="175" from="StgValue_174" to="specpipeline_ln0" fromId="174" toId="45">
</dataflow>
<dataflow id="176" from="StgValue_98" to="specpipeline_ln0" fromId="98" toId="45">
</dataflow>
<dataflow id="177" from="StgValue_80" to="specpipeline_ln0" fromId="80" toId="45">
</dataflow>
<dataflow id="178" from="StgValue_98" to="specpipeline_ln0" fromId="98" toId="45">
</dataflow>
<dataflow id="180" from="p_str" to="specpipeline_ln0" fromId="179" toId="45">
</dataflow>
<dataflow id="182" from="_ssdm_op_SpecLoopTripCount" to="empty" fromId="181" toId="46">
</dataflow>
<dataflow id="184" from="StgValue_183" to="empty" fromId="183" toId="46">
</dataflow>
<dataflow id="185" from="StgValue_183" to="empty" fromId="183" toId="46">
</dataflow>
<dataflow id="186" from="StgValue_183" to="empty" fromId="183" toId="46">
</dataflow>
<dataflow id="187" from="mul_ln25" to="add_ln25_2" fromId="40" toId="47">
</dataflow>
<dataflow id="188" from="mul_ln25_2" to="add_ln25_2" fromId="42" toId="47">
</dataflow>
<dataflow id="189" from="add_ln25_2" to="output" fromId="47" toId="48">
</dataflow>
<dataflow id="190" from="mul_ln25_1" to="output" fromId="41" toId="48">
</dataflow>
<dataflow id="192" from="_ssdm_op_SpecLoopName" to="specloopname_ln15" fromId="191" toId="49">
</dataflow>
<dataflow id="194" from="empty_12" to="specloopname_ln15" fromId="193" toId="49">
</dataflow>
<dataflow id="196" from="_ssdm_op_Write.m_axi.p1i32" to="write_ln26" fromId="195" toId="50">
</dataflow>
<dataflow id="197" from="gmem0_addr" to="write_ln26" fromId="44" toId="50">
</dataflow>
<dataflow id="198" from="output" to="write_ln26" fromId="48" toId="50">
</dataflow>
<dataflow id="199" from="StgValue_132" to="write_ln26" fromId="132" toId="50">
</dataflow>
<dataflow id="200" from="icmp_ln15" to="StgValue_2" fromId="19" toId="2">
</dataflow>
<dataflow id="201" from="icmp_ln15" to="StgValue_3" fromId="19" toId="3">
</dataflow>
<dataflow id="202" from="icmp_ln15" to="StgValue_4" fromId="19" toId="4">
</dataflow>
<dataflow id="203" from="icmp_ln15" to="StgValue_5" fromId="19" toId="5">
</dataflow>
<dataflow id="204" from="icmp_ln15" to="StgValue_6" fromId="19" toId="6">
</dataflow>
</dataflows>


</stg>
