<stg><name>fpga417_fir_Pipeline_VITIS_LOOP_11_1</name>


<trans_list>

<trans id="36" from="1" to="2">
<condition id="-1">
<or_exp><and_exp></and_exp></or_exp>
</condition>
</trans>

<trans id="39" from="2" to="3">
<condition id="-1">
<or_exp><and_exp></and_exp></or_exp>
</condition>
</trans>
</trans_list>



<state_list>

<state id="1" st_id="2">

<operation id="6" st_id="1" stage="1" lat="1">
<core>NULL</core>
<MemPortIdVec></MemPortIdVec>
<condition id="-1">
<or_exp><and_exp></and_exp></or_exp>
</condition>

<Node id="4" bw="4" op_0_bw="32">
<![CDATA[
newFuncRoot:0 %h = alloca i32 1

]]></Node>
<StgValue><ssdm name="h"/></StgValue>
</operation>

<operation id="7" st_id="1" stage="1" lat="1">
<core>NULL</core>
<MemPortIdVec></MemPortIdVec>
<condition id="-1">
<or_exp><and_exp></and_exp></or_exp>
</condition>

<Node id="5" bw="62" op_0_bw="62" op_1_bw="62">
<![CDATA[
newFuncRoot:1 %sext_ln11_read = read i62 @_ssdm_op_Read.ap_auto.i62, i62 %sext_ln11

]]></Node>
<StgValue><ssdm name="sext_ln11_read"/></StgValue>
</operation>

<operation id="8" st_id="1" stage="1" lat="1">
<core>NULL</core>
<MemPortIdVec></MemPortIdVec>
<condition id="-1">
<or_exp><and_exp></and_exp></or_exp>
</condition>

<Node id="6" bw="64" op_0_bw="62">
<![CDATA[
newFuncRoot:2 %sext_ln11_cast = sext i62 %sext_ln11_read

]]></Node>
<StgValue><ssdm name="sext_ln11_cast"/></StgValue>
</operation>

<operation id="9" st_id="1" stage="1" lat="1">
<core>NULL</core>
<MemPortIdVec></MemPortIdVec>
<condition id="-1">
<or_exp><and_exp></and_exp></or_exp>
</condition>

<Node id="7" bw="0" op_0_bw="0" op_1_bw="32" op_2_bw="0" op_3_bw="32" op_4_bw="32" op_5_bw="0" op_6_bw="32" op_7_bw="32" op_8_bw="0" op_9_bw="0" op_10_bw="0" op_11_bw="32" op_12_bw="32" op_13_bw="32" op_14_bw="32" op_15_bw="0" op_16_bw="0">
<![CDATA[
newFuncRoot:3 %specinterface_ln0 = specinterface void @_ssdm_op_SpecInterface, i32 %gmem0, void @empty, i32 0, i32 0, void @empty_0, i32 0, i32 0, void @empty_1, void @empty_2, void @empty_0, i32 16, i32 16, i32 16, i32 16, void @empty_0, void @empty_0

]]></Node>
<StgValue><ssdm name="specinterface_ln0"/></StgValue>
</operation>

<operation id="10" st_id="1" stage="1" lat="1">
<core>NULL</core>
<MemPortIdVec></MemPortIdVec>
<condition id="-1">
<or_exp><and_exp></and_exp></or_exp>
</condition>

<Node id="8" bw="0" op_0_bw="4" op_1_bw="4">
<![CDATA[
newFuncRoot:4 %store_ln0 = store i4 0, i4 %h

]]></Node>
<StgValue><ssdm name="store_ln0"/></StgValue>
</operation>

<operation id="11" st_id="1" stage="1" lat="1">
<core>NULL</core>
<MemPortIdVec></MemPortIdVec>
<condition id="-1">
<or_exp><and_exp></and_exp></or_exp>
</condition>

<Node id="9" bw="0" op_0_bw="0">
<![CDATA[
newFuncRoot:5 %br_ln0 = br void

]]></Node>
<StgValue><ssdm name="br_ln0"/></StgValue>
</operation>

<operation id="12" st_id="1" stage="1" lat="1">
<core>NULL</core>
<MemPortIdVec></MemPortIdVec>
<condition id="-1">
<or_exp><and_exp></and_exp></or_exp>
</condition>

<Node id="11" bw="4" op_0_bw="4" op_1_bw="0">
<![CDATA[
:0 %h_1 = load i4 %h

]]></Node>
<StgValue><ssdm name="h_1"/></StgValue>
</operation>

<operation id="13" st_id="1" stage="1" lat="1">
<core>Cmp</core>
<MemPortIdVec></MemPortIdVec>
<condition id="-1">
<or_exp><and_exp></and_exp></or_exp>
</condition>

<Node id="15" bw="1" op_0_bw="4" op_1_bw="4">
<![CDATA[
:4 %icmp_ln11 = icmp_eq  i4 %h_1, i4 8

]]></Node>
<StgValue><ssdm name="icmp_ln11"/></StgValue>
</operation>

<operation id="14" st_id="1" stage="1" lat="1">
<core>Adder</core>
<MemPortIdVec></MemPortIdVec>
<condition id="-1">
<or_exp><and_exp></and_exp></or_exp>
</condition>

<Node id="17" bw="4" op_0_bw="4" op_1_bw="4">
<![CDATA[
:6 %add_ln11 = add i4 %h_1, i4 1

]]></Node>
<StgValue><ssdm name="add_ln11"/></StgValue>
</operation>

<operation id="15" st_id="1" stage="1" lat="1">
<core>NULL</core>
<MemPortIdVec></MemPortIdVec>
<condition id="-1">
<or_exp><and_exp></and_exp></or_exp>
</condition>

<Node id="18" bw="0" op_0_bw="1" op_1_bw="0" op_2_bw="0">
<![CDATA[
:7 %br_ln11 = br i1 %icmp_ln11, void %.split8, void %.exitStub

]]></Node>
<StgValue><ssdm name="br_ln11"/></StgValue>
</operation>

<operation id="16" st_id="1" stage="1" lat="1">
<core>NULL</core>
<MemPortIdVec></MemPortIdVec>
<condition id="-1">
<or_exp><and_exp><literal name="icmp_ln11" val="0"/>
</and_exp></or_exp>
</condition>

<Node id="25" bw="0" op_0_bw="4" op_1_bw="4" op_2_bw="0" op_3_bw="0">
<![CDATA[
.split8:5 %store_ln11 = store i4 %add_ln11, i4 %h

]]></Node>
<StgValue><ssdm name="store_ln11"/></StgValue>
</operation>
</state>

<state id="2" st_id="3">

<operation id="17" st_id="2" stage="1" lat="1">
<core>NULL</core>
<MemPortIdVec></MemPortIdVec>
<condition id="-1">
<or_exp><and_exp></and_exp></or_exp>
</condition>

<Node id="12" bw="0" op_0_bw="0" op_1_bw="32">
<![CDATA[
:1 %specbitsmap_ln0 = specbitsmap void @_ssdm_op_SpecBitsMap, i32 %gmem0

]]></Node>
<StgValue><ssdm name="specbitsmap_ln0"/></StgValue>
</operation>

<operation id="18" st_id="2" stage="1" lat="1">
<core>NULL</core>
<MemPortIdVec></MemPortIdVec>
<condition id="-1">
<or_exp><and_exp></and_exp></or_exp>
</condition>

<Node id="13" bw="64" op_0_bw="64" op_1_bw="64">
<![CDATA[
:2 %gmem0_addr = getelementptr i32 %gmem0, i64 %sext_ln11_cast

]]></Node>
<StgValue><ssdm name="gmem0_addr"/></StgValue>
</operation>

<operation id="19" st_id="2" stage="1" lat="1">
<core>NULL</core>
<MemPortIdVec></MemPortIdVec>
<condition id="-1">
<or_exp><and_exp></and_exp></or_exp>
</condition>

<Node id="14" bw="0" op_0_bw="0" op_1_bw="32" op_2_bw="32" op_3_bw="32" op_4_bw="32" op_5_bw="0">
<![CDATA[
:3 %specpipeline_ln0 = specpipeline void @_ssdm_op_SpecPipeline, i32 4294967295, i32 0, i32 1, i32 0, void @p_str

]]></Node>
<StgValue><ssdm name="specpipeline_ln0"/></StgValue>
</operation>

<operation id="20" st_id="2" stage="1" lat="1">
<core>NULL</core>
<MemPortIdVec></MemPortIdVec>
<condition id="-1">
<or_exp><and_exp></and_exp></or_exp>
</condition>

<Node id="16" bw="32" op_0_bw="32" op_1_bw="64" op_2_bw="64" op_3_bw="64">
<![CDATA[
:5 %empty = speclooptripcount i32 @_ssdm_op_SpecLoopTripCount, i64 8, i64 8, i64 8

]]></Node>
<StgValue><ssdm name="empty"/></StgValue>
</operation>

<operation id="21" st_id="2" stage="1" lat="1">
<core>m_axi</core>
<MemPortIdVec></MemPortIdVec>
<condition id="-1">
<or_exp><and_exp><literal name="icmp_ln11" val="0"/>
</and_exp></or_exp>
</condition>

<Node id="22" bw="32" op_0_bw="32" op_1_bw="32">
<![CDATA[
.split8:2 %gmem0_addr_read = read i32 @_ssdm_op_Read.m_axi.p1i32, i64 %gmem0_addr

]]></Node>
<StgValue><ssdm name="gmem0_addr_read"/></StgValue>
</operation>

<operation id="27" st_id="2" stage="1" lat="1">
<core>NULL</core>
<MemPortIdVec></MemPortIdVec>
<condition id="-1">
<or_exp><and_exp><literal name="icmp_ln11" val="1"/>
</and_exp></or_exp>
</condition>

<Node id="28" bw="0">
<![CDATA[
.exitStub:0 %ret_ln0 = ret

]]></Node>
<StgValue><ssdm name="ret_ln0"/></StgValue>
</operation>
</state>

<state id="3" st_id="4">

<operation id="22" st_id="3" stage="1" lat="1">
<core>NULL</core>
<MemPortIdVec></MemPortIdVec>
<condition id="-1">
<or_exp><and_exp></and_exp></or_exp>
</condition>

<Node id="20" bw="64" op_0_bw="4">
<![CDATA[
.split8:0 %h_cast = zext i4 %h_1

]]></Node>
<StgValue><ssdm name="h_cast"/></StgValue>
</operation>

<operation id="23" st_id="3" stage="1" lat="1">
<core>NULL</core>
<MemPortIdVec></MemPortIdVec>
<condition id="-1">
<or_exp><and_exp></and_exp></or_exp>
</condition>

<Node id="21" bw="0" op_0_bw="0" op_1_bw="0">
<![CDATA[
.split8:1 %specloopname_ln11 = specloopname void @_ssdm_op_SpecLoopName, void @empty_13

]]></Node>
<StgValue><ssdm name="specloopname_ln11"/></StgValue>
</operation>

<operation id="24" st_id="3" stage="1" lat="1">
<core>NULL</core>
<MemPortIdVec></MemPortIdVec>
<condition id="-1">
<or_exp><and_exp></and_exp></or_exp>
</condition>

<Node id="23" bw="4" op_0_bw="32" op_1_bw="64" op_2_bw="64">
<![CDATA[
.split8:3 %temp_addr_1 = getelementptr i32 %temp, i64 0, i64 %h_cast

]]></Node>
<StgValue><ssdm name="temp_addr_1"/></StgValue>
</operation>

<operation id="25" st_id="3" stage="1" lat="1">
<core>RAM_1WnR</core>
<MemPortIdVec>0 </MemPortIdVec>
<condition id="-1">
<or_exp><and_exp></and_exp></or_exp>
</condition>

<Node id="24" bw="0" op_0_bw="32" op_1_bw="4">
<![CDATA[
.split8:4 %store_ln12 = store i32 %gmem0_addr_read, i4 %temp_addr_1

]]></Node>
<StgValue><ssdm name="store_ln12"/></StgValue>
</operation>

<operation id="26" st_id="3" stage="1" lat="1">
<core>NULL</core>
<MemPortIdVec></MemPortIdVec>
<condition id="-1">
<or_exp><and_exp></and_exp></or_exp>
</condition>

<Node id="26" bw="0" op_0_bw="0">
<![CDATA[
.split8:6 %br_ln0 = br void

]]></Node>
<StgValue><ssdm name="br_ln0"/></StgValue>
</operation>
</state>
</state_list>


<ports>
<port id="40" name="gmem0" dir="0" iftype="4">
<core>NULL</core><StgValue><ssdm name="gmem0"/></StgValue>
</port>
<port id="41" name="sext_ln11" dir="0" iftype="0">
<core>NULL</core><StgValue><ssdm name="sext_ln11"/></StgValue>
</port>
<port id="42" name="temp" dir="1" iftype="1">
<core>RAM_1WnR</core><StgValue><ssdm name="temp"/><MemPortTyVec>0 3 3 3 3 3 3 3 3 3 3 3 3 3 3 3 3 </MemPortTyVec>
</StgValue>
</port>
</ports>


<dataflows>
<dataflow id="44" from="StgValue_43" to="h" fromId="43" toId="6">
</dataflow>
<dataflow id="46" from="_ssdm_op_Read.ap_auto.i62" to="sext_ln11_read" fromId="45" toId="7">
</dataflow>
<dataflow id="47" from="sext_ln11" to="sext_ln11_read" fromId="41" toId="7">
</dataflow>
<dataflow id="48" from="sext_ln11_read" to="sext_ln11_cast" fromId="7" toId="8">
</dataflow>
<dataflow id="50" from="_ssdm_op_SpecInterface" to="specinterface_ln0" fromId="49" toId="9">
</dataflow>
<dataflow id="51" from="gmem0" to="specinterface_ln0" fromId="40" toId="9">
</dataflow>
<dataflow id="53" from="empty" to="specinterface_ln0" fromId="52" toId="9">
</dataflow>
<dataflow id="55" from="StgValue_54" to="specinterface_ln0" fromId="54" toId="9">
</dataflow>
<dataflow id="56" from="StgValue_54" to="specinterface_ln0" fromId="54" toId="9">
</dataflow>
<dataflow id="58" from="empty_0" to="specinterface_ln0" fromId="57" toId="9">
</dataflow>
<dataflow id="59" from="StgValue_54" to="specinterface_ln0" fromId="54" toId="9">
</dataflow>
<dataflow id="60" from="StgValue_54" to="specinterface_ln0" fromId="54" toId="9">
</dataflow>
<dataflow id="62" from="empty_1" to="specinterface_ln0" fromId="61" toId="9">
</dataflow>
<dataflow id="64" from="empty_2" to="specinterface_ln0" fromId="63" toId="9">
</dataflow>
<dataflow id="65" from="empty_0" to="specinterface_ln0" fromId="57" toId="9">
</dataflow>
<dataflow id="67" from="StgValue_66" to="specinterface_ln0" fromId="66" toId="9">
</dataflow>
<dataflow id="68" from="StgValue_66" to="specinterface_ln0" fromId="66" toId="9">
</dataflow>
<dataflow id="69" from="StgValue_66" to="specinterface_ln0" fromId="66" toId="9">
</dataflow>
<dataflow id="70" from="StgValue_66" to="specinterface_ln0" fromId="66" toId="9">
</dataflow>
<dataflow id="71" from="empty_0" to="specinterface_ln0" fromId="57" toId="9">
</dataflow>
<dataflow id="72" from="empty_0" to="specinterface_ln0" fromId="57" toId="9">
</dataflow>
<dataflow id="74" from="StgValue_73" to="store_ln0" fromId="73" toId="10">
</dataflow>
<dataflow id="75" from="h" to="store_ln0" fromId="6" toId="10">
</dataflow>
<dataflow id="76" from="h" to="h_1" fromId="6" toId="12">
</dataflow>
<dataflow id="77" from="h_1" to="icmp_ln11" fromId="12" toId="13">
</dataflow>
<dataflow id="79" from="StgValue_78" to="icmp_ln11" fromId="78" toId="13">
</dataflow>
<dataflow id="80" from="h_1" to="add_ln11" fromId="12" toId="14">
</dataflow>
<dataflow id="82" from="StgValue_81" to="add_ln11" fromId="81" toId="14">
</dataflow>
<dataflow id="83" from="icmp_ln11" to="br_ln11" fromId="13" toId="15">
</dataflow>
<dataflow id="84" from="add_ln11" to="store_ln11" fromId="14" toId="16">
</dataflow>
<dataflow id="85" from="h" to="store_ln11" fromId="6" toId="16">
</dataflow>
<dataflow id="87" from="_ssdm_op_SpecBitsMap" to="specbitsmap_ln0" fromId="86" toId="17">
</dataflow>
<dataflow id="88" from="gmem0" to="specbitsmap_ln0" fromId="40" toId="17">
</dataflow>
<dataflow id="89" from="gmem0" to="gmem0_addr" fromId="40" toId="18">
</dataflow>
<dataflow id="90" from="sext_ln11_cast" to="gmem0_addr" fromId="8" toId="18">
</dataflow>
<dataflow id="92" from="_ssdm_op_SpecPipeline" to="specpipeline_ln0" fromId="91" toId="19">
</dataflow>
<dataflow id="94" from="StgValue_93" to="specpipeline_ln0" fromId="93" toId="19">
</dataflow>
<dataflow id="95" from="StgValue_54" to="specpipeline_ln0" fromId="54" toId="19">
</dataflow>
<dataflow id="96" from="StgValue_43" to="specpipeline_ln0" fromId="43" toId="19">
</dataflow>
<dataflow id="97" from="StgValue_54" to="specpipeline_ln0" fromId="54" toId="19">
</dataflow>
<dataflow id="99" from="p_str" to="specpipeline_ln0" fromId="98" toId="19">
</dataflow>
<dataflow id="101" from="_ssdm_op_SpecLoopTripCount" to="empty" fromId="100" toId="20">
</dataflow>
<dataflow id="103" from="StgValue_102" to="empty" fromId="102" toId="20">
</dataflow>
<dataflow id="104" from="StgValue_102" to="empty" fromId="102" toId="20">
</dataflow>
<dataflow id="105" from="StgValue_102" to="empty" fromId="102" toId="20">
</dataflow>
<dataflow id="107" from="_ssdm_op_Read.m_axi.p1i32" to="gmem0_addr_read" fromId="106" toId="21">
</dataflow>
<dataflow id="108" from="gmem0_addr" to="gmem0_addr_read" fromId="18" toId="21">
</dataflow>
<dataflow id="109" from="h_1" to="h_cast" fromId="12" toId="22">
</dataflow>
<dataflow id="111" from="_ssdm_op_SpecLoopName" to="specloopname_ln11" fromId="110" toId="23">
</dataflow>
<dataflow id="113" from="empty_13" to="specloopname_ln11" fromId="112" toId="23">
</dataflow>
<dataflow id="114" from="temp" to="temp_addr_1" fromId="42" toId="24">
</dataflow>
<dataflow id="116" from="StgValue_115" to="temp_addr_1" fromId="115" toId="24">
</dataflow>
<dataflow id="117" from="h_cast" to="temp_addr_1" fromId="22" toId="24">
</dataflow>
<dataflow id="118" from="gmem0_addr_read" to="store_ln12" fromId="21" toId="25">
</dataflow>
<dataflow id="119" from="temp_addr_1" to="store_ln12" fromId="24" toId="25">
</dataflow>
<dataflow id="120" from="icmp_ln11" to="StgValue_2" fromId="13" toId="2">
</dataflow>
<dataflow id="121" from="icmp_ln11" to="StgValue_3" fromId="13" toId="3">
</dataflow>
</dataflows>


</stg>
