{
  "Top": "fpga417_fir",
  "RtlTop": "fpga417_fir",
  "RtlPrefix": "",
  "RtlSubPrefix": "fpga417_fir_",
  "SourceLanguage": "c",
  "HostMachineBits": "64",
  "FunctionProtocol": "ap_ctrl_hs",
  "ResetStyle": "control",
  "Target": {
    "Family": "zynq",
    "Device": "xc7z010i",
    "Package": "-clg225",
    "Speed": "-1L",
    "Triple": "fpga64-xilinx-none"
  },
  "Args": {
    "data": {
      "index": "0",
      "direction": "inout",
      "srcType": "int*",
      "srcSize": "32",
      "hwRefs": [
        {
          "type": "interface",
          "interface": "m_axi_gmem0",
          "name": "",
          "usage": "data",
          "direction": "inout"
        },
        {
          "type": "register",
          "interface": "s_axi_control",
          "name": "data_1",
          "usage": "address",
          "direction": "in"
        },
        {
          "type": "register",
          "interface": "s_axi_control",
          "name": "data_2",
          "usage": "address",
          "direction": "in"
        }
      ]
    },
    "filter": {
      "index": "1",
      "direction": "in",
      "srcType": "int*",
      "srcSize": "32",
      "hwRefs": [
        {
          "type": "interface",
          "interface": "m_axi_gmem1",
          "name": "",
          "usage": "data",
          "direction": "in"
        },
        {
          "type": "register",
          "interface": "s_axi_control",
          "name": "filter_1",
          "usage": "address",
          "direction": "in"
        },
        {
          "type": "register",
          "interface": "s_axi_control",
          "name": "filter_2",
          "usage": "address",
          "direction": "in"
        }
      ]
    }
  },
  "HlsSolution": {
    "FlowTarget": "vivado",
    "ConfigTcl": [
      "config_export -display_name=fgpa417_fir",
      "config_export -output=C:\/Users\/colst\/Vitis_HLS\/Lab4",
      "config_export -format=ip_catalog",
      "config_export -rtl=verilog"
    ],
    "ProfileOption": "0",
    "ProfileType": "none",
    "KernelName": "fpga417_fir"
  },
  "ClockInfo": {
    "ClockName": "ap_clk",
    "ClockPeriod": "10",
    "Uncertainty": "2.7",
    "IsCombinational": "0",
    "II": "55",
    "Latency": "54"
  },
  "Xdc": {"OocClocks": ["create_clock -name ap_clk -period 10.000 [get_ports ap_clk]"]},
  "Ipx": {
    "Vendor": "xilinx.com",
    "Library": "hls",
    "Name": "fpga417_fir",
    "Version": "1.0",
    "DisplayName": "fgpa417_fir",
    "Revision": "",
    "Description": "An IP generated by Vitis HLS",
    "Taxonomy": "\/VITIS_HLS_IP",
    "AutoFamilySupport": "",
    "ZipFile": "xilinx_com_hls_fpga417_fir_1_0.zip"
  },
  "Files": {
    "CSource": ["..\/..\/fpga417_lab4.c"],
    "Vhdl": [
      "impl\/vhdl\/fpga417_fir_BUS_A_s_axi.vhd",
      "impl\/vhdl\/fpga417_fir_control_s_axi.vhd",
      "impl\/vhdl\/fpga417_fir_flow_control_loop_pipe_sequential_init.vhd",
      "impl\/vhdl\/fpga417_fir_fpga417_fir_Pipeline_1.vhd",
      "impl\/vhdl\/fpga417_fir_fpga417_fir_Pipeline_VITIS_LOOP_11_1.vhd",
      "impl\/vhdl\/fpga417_fir_fpga417_fir_Pipeline_VITIS_LOOP_15_2.vhd",
      "impl\/vhdl\/fpga417_fir_gmem0_m_axi.vhd",
      "impl\/vhdl\/fpga417_fir_gmem1_m_axi.vhd",
      "impl\/vhdl\/fpga417_fir_mul_32s_32s_32_2_1.vhd",
      "impl\/vhdl\/fpga417_fir_temp_RAM_1WNR_AUTO_1R1W.vhd",
      "impl\/vhdl\/fpga417_fir.vhd"
    ],
    "Verilog": [
      "impl\/verilog\/fpga417_fir_BUS_A_s_axi.v",
      "impl\/verilog\/fpga417_fir_control_s_axi.v",
      "impl\/verilog\/fpga417_fir_flow_control_loop_pipe_sequential_init.v",
      "impl\/verilog\/fpga417_fir_fpga417_fir_Pipeline_1.v",
      "impl\/verilog\/fpga417_fir_fpga417_fir_Pipeline_VITIS_LOOP_11_1.v",
      "impl\/verilog\/fpga417_fir_fpga417_fir_Pipeline_VITIS_LOOP_15_2.v",
      "impl\/verilog\/fpga417_fir_gmem0_m_axi.v",
      "impl\/verilog\/fpga417_fir_gmem1_m_axi.v",
      "impl\/verilog\/fpga417_fir_mul_32s_32s_32_2_1.v",
      "impl\/verilog\/fpga417_fir_temp_RAM_1WNR_AUTO_1R1W.v",
      "impl\/verilog\/fpga417_fir.v"
    ],
    "SwDriver": [
      "impl\/misc\/drivers\/fpga417_fir_v1_0\/data\/fpga417_fir.mdd",
      "impl\/misc\/drivers\/fpga417_fir_v1_0\/data\/fpga417_fir.tcl",
      "impl\/misc\/drivers\/fpga417_fir_v1_0\/src\/Makefile",
      "impl\/misc\/drivers\/fpga417_fir_v1_0\/src\/xfpga417_fir.c",
      "impl\/misc\/drivers\/fpga417_fir_v1_0\/src\/xfpga417_fir.h",
      "impl\/misc\/drivers\/fpga417_fir_v1_0\/src\/xfpga417_fir_hw.h",
      "impl\/misc\/drivers\/fpga417_fir_v1_0\/src\/xfpga417_fir_linux.c",
      "impl\/misc\/drivers\/fpga417_fir_v1_0\/src\/xfpga417_fir_sinit.c"
    ],
    "IpMisc": ["impl\/misc\/logo.png"],
    "CsynthXml": "syn\/report\/csynth.xml",
    "DebugDir": ".debug",
    "KernelXml": ".autopilot\/db\/kernel.internal.xml",
    "Xo": "",
    "XoHlsDir": "",
    "ProtoInst": [".debug\/fpga417_fir.protoinst"]
  },
  "SubcoreInfo": {
    "HasXpmMemory": false,
    "HasClockedDsp": false,
    "Ip": []
  },
  "Interfaces": {
    "s_axi_BUS_A": {
      "type": "axi4lite",
      "busTypeName": "aximm",
      "mode": "slave",
      "dataWidth": "32",
      "addrWidth": "4",
      "portPrefix": "s_axi_BUS_A_",
      "paramPrefix": "C_S_AXI_BUS_A_",
      "ports": [
        "s_axi_BUS_A_ARADDR",
        "s_axi_BUS_A_ARREADY",
        "s_axi_BUS_A_ARVALID",
        "s_axi_BUS_A_AWADDR",
        "s_axi_BUS_A_AWREADY",
        "s_axi_BUS_A_AWVALID",
        "s_axi_BUS_A_BREADY",
        "s_axi_BUS_A_BRESP",
        "s_axi_BUS_A_BVALID",
        "s_axi_BUS_A_RDATA",
        "s_axi_BUS_A_RREADY",
        "s_axi_BUS_A_RRESP",
        "s_axi_BUS_A_RVALID",
        "s_axi_BUS_A_WDATA",
        "s_axi_BUS_A_WREADY",
        "s_axi_BUS_A_WSTRB",
        "s_axi_BUS_A_WVALID"
      ],
      "registers": [
        {
          "offset": "0x00",
          "name": "CTRL",
          "access": "RW",
          "description": "Control signals",
          "range": "32",
          "fields": [
            {
              "offset": "0",
              "width": "1",
              "name": "AP_START",
              "access": "RW",
              "description": "Control signal Register for 'ap_start'."
            },
            {
              "offset": "1",
              "width": "1",
              "name": "AP_DONE",
              "access": "R",
              "description": "Control signal Register for 'ap_done'."
            },
            {
              "offset": "2",
              "width": "1",
              "name": "AP_IDLE",
              "access": "R",
              "description": "Control signal Register for 'ap_idle'."
            },
            {
              "offset": "3",
              "width": "1",
              "name": "AP_READY",
              "access": "R",
              "description": "Control signal Register for 'ap_ready'."
            },
            {
              "offset": "4",
              "width": "3",
              "name": "RESERVED_1",
              "access": "R",
              "description": "Reserved.  0s on read."
            },
            {
              "offset": "7",
              "width": "1",
              "name": "AUTO_RESTART",
              "access": "RW",
              "description": "Control signal Register for 'auto_restart'."
            },
            {
              "offset": "8",
              "width": "1",
              "name": "RESERVED_2",
              "access": "R",
              "description": "Reserved.  0s on read."
            },
            {
              "offset": "9",
              "width": "1",
              "name": "RESERVED_3",
              "access": "R",
              "description": "Reserved.  0s on read."
            },
            {
              "offset": "10",
              "width": "22",
              "name": "RESERVED_4",
              "access": "R",
              "description": "Reserved.  0s on read."
            }
          ]
        },
        {
          "offset": "0x04",
          "name": "GIER",
          "access": "RW",
          "description": "Global Interrupt Enable Register",
          "range": "32",
          "fields": [
            {
              "offset": "0",
              "width": "1",
              "name": "Enable",
              "access": "RW",
              "description": "Master enable for the device interrupt output to the system interrupt controller: 0 = Disabled, 1 = Enabled"
            },
            {
              "offset": "1",
              "width": "31",
              "name": "RESERVED",
              "access": "R",
              "description": "Reserved.  0s on read."
            }
          ]
        },
        {
          "offset": "0x08",
          "name": "IP_IER",
          "access": "RW",
          "description": "IP Interrupt Enable Register",
          "range": "32",
          "fields": [
            {
              "offset": "0",
              "width": "1",
              "name": "CHAN0_INT_EN",
              "access": "RW",
              "description": "Enable Channel 0 (ap_done) Interrupt.  0 = Disabled, 1 = Enabled."
            },
            {
              "offset": "1",
              "width": "1",
              "name": "CHAN1_INT_EN",
              "access": "RW",
              "description": "Enable Channel 1 (ap_ready) Interrupt.  0 = Disabled, 1 = Enabled."
            },
            {
              "offset": "2",
              "width": "3",
              "name": "RESERVED_0",
              "access": "R",
              "description": "Reserved.  0s on read."
            },
            {
              "offset": "5",
              "width": "1",
              "name": "CHAN2_INT_EN",
              "access": "RW",
              "description": "Enable Channel 2 (ap_local_deadlock) Interrupt.  0 = Disabled, 1 = Enabled."
            },
            {
              "offset": "6",
              "width": "26",
              "name": "RESERVED_1",
              "access": "R",
              "description": "Reserved.  0s on read."
            }
          ]
        },
        {
          "offset": "0x0c",
          "name": "IP_ISR",
          "access": "RW",
          "description": "IP Interrupt Status Register",
          "range": "32",
          "fields": [
            {
              "offset": "0",
              "width": "1",
              "name": "CHAN0_INT_ST",
              "access": "RTOW",
              "description": "Channel 0 (ap_done) Interrupt Status. 0 = No Channel 0 input interrupt, 1 = Channel 0 input interrup"
            },
            {
              "offset": "1",
              "width": "1",
              "name": "CHAN1_INT_ST",
              "access": "RTOW",
              "description": "Channel 1 (ap_ready) Interrupt Status. 0 = No Channel 1 input interrupt, 1 = Channel 1 input interrup"
            },
            {
              "offset": "2",
              "width": "3",
              "name": "RESERVED_0",
              "access": "R",
              "description": "Reserved.  0s on read."
            },
            {
              "offset": "5",
              "width": "1",
              "name": "CHAN2_INT_ST",
              "access": "RTOW",
              "description": "Channel 2 (ap_local_deadlock) Interrupt Status. 0 = No Channel 2 input interrupt, 1 = Channel 2 input interrup"
            },
            {
              "offset": "6",
              "width": "26",
              "name": "RESERVED_1",
              "access": "R",
              "description": "Reserved.  0s on read."
            }
          ]
        }
      ]
    },
    "s_axi_control": {
      "type": "axi4lite",
      "busTypeName": "aximm",
      "mode": "slave",
      "dataWidth": "32",
      "addrWidth": "6",
      "portPrefix": "s_axi_control_",
      "paramPrefix": "C_S_AXI_CONTROL_",
      "offsetMasterName": "m_axi_gmem1",
      "ports": [
        "s_axi_control_ARADDR",
        "s_axi_control_ARREADY",
        "s_axi_control_ARVALID",
        "s_axi_control_AWADDR",
        "s_axi_control_AWREADY",
        "s_axi_control_AWVALID",
        "s_axi_control_BREADY",
        "s_axi_control_BRESP",
        "s_axi_control_BVALID",
        "s_axi_control_RDATA",
        "s_axi_control_RREADY",
        "s_axi_control_RRESP",
        "s_axi_control_RVALID",
        "s_axi_control_WDATA",
        "s_axi_control_WREADY",
        "s_axi_control_WSTRB",
        "s_axi_control_WVALID"
      ],
      "registers": [
        {
          "offset": "0x10",
          "name": "data_1",
          "access": "W",
          "description": "Data signal of data",
          "range": "32",
          "fields": [{
              "offset": "0",
              "width": "32",
              "name": "data",
              "access": "W",
              "description": "Bit 31 to 0 of data"
            }]
        },
        {
          "offset": "0x14",
          "name": "data_2",
          "access": "W",
          "description": "Data signal of data",
          "range": "32",
          "fields": [{
              "offset": "0",
              "width": "32",
              "name": "data",
              "access": "W",
              "description": "Bit 63 to 32 of data"
            }]
        },
        {
          "offset": "0x1c",
          "name": "filter_1",
          "access": "W",
          "description": "Data signal of filter",
          "range": "32",
          "fields": [{
              "offset": "0",
              "width": "32",
              "name": "filter",
              "access": "W",
              "description": "Bit 31 to 0 of filter"
            }]
        },
        {
          "offset": "0x20",
          "name": "filter_2",
          "access": "W",
          "description": "Data signal of filter",
          "range": "32",
          "fields": [{
              "offset": "0",
              "width": "32",
              "name": "filter",
              "access": "W",
              "description": "Bit 63 to 32 of filter"
            }]
        }
      ],
      "constraints": [
        {
          "constraint_type": "pragma interface",
          "mode": "s_axilite",
          "register_option": "0",
          "offset": "16",
          "argName": "data"
        },
        {
          "constraint_type": "pragma interface",
          "mode": "s_axilite",
          "register_option": "0",
          "offset": "28",
          "argName": "filter"
        }
      ]
    },
    "ap_clk": {
      "type": "clock",
      "busTypeName": "clock",
      "mode": "slave",
      "busParams": {
        "ASSOCIATED_BUSIF": "s_axi_BUS_A:s_axi_control:m_axi_gmem0:m_axi_gmem1",
        "ASSOCIATED_RESET": "ap_rst_n"
      },
      "portMap": {"ap_clk": "CLK"},
      "ports": ["ap_clk"]
    },
    "ap_rst_n": {
      "type": "reset",
      "busTypeName": "reset",
      "mode": "slave",
      "busParams": {"POLARITY": "ACTIVE_LOW"},
      "portMap": {"ap_rst_n": "RST"},
      "ports": ["ap_rst_n"]
    },
    "interrupt": {
      "type": "interrupt",
      "busTypeName": "interrupt",
      "mode": "master",
      "dataWidth": "1",
      "busParams": {"SENSITIVITY": "LEVEL_HIGH"},
      "portMap": {"interrupt": "INTERRUPT"},
      "ports": ["interrupt"]
    },
    "m_axi_gmem0": {
      "type": "axi4full",
      "busTypeName": "aximm",
      "mode": "master",
      "dataWidth": "32",
      "addrWidth": "64",
      "portPrefix": "m_axi_gmem0_",
      "paramPrefix": "C_M_AXI_GMEM0_",
      "offsetSlaveName": "s_axi_control",
      "preferredUsageValue": "MEMORY",
      "busParams": {
        "NUM_READ_OUTSTANDING": "16",
        "NUM_WRITE_OUTSTANDING": "16",
        "MAX_READ_BURST_LENGTH": "16",
        "MAX_WRITE_BURST_LENGTH": "16",
        "MAX_BURST_LENGTH": "256",
        "PROTOCOL": "AXI4",
        "READ_WRITE_MODE": "READ_WRITE",
        "HAS_BURST": "0",
        "SUPPORTS_NARROW_BURST": "0"
      },
      "ports": [
        "m_axi_gmem0_ARADDR",
        "m_axi_gmem0_ARBURST",
        "m_axi_gmem0_ARCACHE",
        "m_axi_gmem0_ARID",
        "m_axi_gmem0_ARLEN",
        "m_axi_gmem0_ARLOCK",
        "m_axi_gmem0_ARPROT",
        "m_axi_gmem0_ARQOS",
        "m_axi_gmem0_ARREADY",
        "m_axi_gmem0_ARREGION",
        "m_axi_gmem0_ARSIZE",
        "m_axi_gmem0_ARUSER",
        "m_axi_gmem0_ARVALID",
        "m_axi_gmem0_AWADDR",
        "m_axi_gmem0_AWBURST",
        "m_axi_gmem0_AWCACHE",
        "m_axi_gmem0_AWID",
        "m_axi_gmem0_AWLEN",
        "m_axi_gmem0_AWLOCK",
        "m_axi_gmem0_AWPROT",
        "m_axi_gmem0_AWQOS",
        "m_axi_gmem0_AWREADY",
        "m_axi_gmem0_AWREGION",
        "m_axi_gmem0_AWSIZE",
        "m_axi_gmem0_AWUSER",
        "m_axi_gmem0_AWVALID",
        "m_axi_gmem0_BID",
        "m_axi_gmem0_BREADY",
        "m_axi_gmem0_BRESP",
        "m_axi_gmem0_BUSER",
        "m_axi_gmem0_BVALID",
        "m_axi_gmem0_RDATA",
        "m_axi_gmem0_RID",
        "m_axi_gmem0_RLAST",
        "m_axi_gmem0_RREADY",
        "m_axi_gmem0_RRESP",
        "m_axi_gmem0_RUSER",
        "m_axi_gmem0_RVALID",
        "m_axi_gmem0_WDATA",
        "m_axi_gmem0_WID",
        "m_axi_gmem0_WLAST",
        "m_axi_gmem0_WREADY",
        "m_axi_gmem0_WSTRB",
        "m_axi_gmem0_WUSER",
        "m_axi_gmem0_WVALID"
      ],
      "constraints": [
        {
          "constraint_type": "pragma interface",
          "mode": "m_axi",
          "register_option": "0",
          "offset": "slave",
          "latency": "0",
          "num_read_outstanding": "16",
          "num_write_outstanding": "16",
          "max_read_burst_length": "16",
          "max_write_burst_length": "16",
          "max_widen_bitwidth": "0",
          "argName": "data"
        },
        {
          "constraint_type": "bitwidth",
          "orig_bitwidth": "32",
          "final_bitwidth": "32",
          "argName": "data"
        }
      ]
    },
    "m_axi_gmem1": {
      "type": "axi4full",
      "busTypeName": "aximm",
      "mode": "master",
      "dataWidth": "32",
      "addrWidth": "64",
      "portPrefix": "m_axi_gmem1_",
      "paramPrefix": "C_M_AXI_GMEM1_",
      "offsetSlaveName": "s_axi_control",
      "preferredUsageValue": "MEMORY",
      "busParams": {
        "NUM_READ_OUTSTANDING": "16",
        "NUM_WRITE_OUTSTANDING": "16",
        "MAX_READ_BURST_LENGTH": "16",
        "MAX_WRITE_BURST_LENGTH": "16",
        "MAX_BURST_LENGTH": "256",
        "PROTOCOL": "AXI4",
        "READ_WRITE_MODE": "READ_WRITE",
        "HAS_BURST": "0",
        "SUPPORTS_NARROW_BURST": "0"
      },
      "ports": [
        "m_axi_gmem1_ARADDR",
        "m_axi_gmem1_ARBURST",
        "m_axi_gmem1_ARCACHE",
        "m_axi_gmem1_ARID",
        "m_axi_gmem1_ARLEN",
        "m_axi_gmem1_ARLOCK",
        "m_axi_gmem1_ARPROT",
        "m_axi_gmem1_ARQOS",
        "m_axi_gmem1_ARREADY",
        "m_axi_gmem1_ARREGION",
        "m_axi_gmem1_ARSIZE",
        "m_axi_gmem1_ARUSER",
        "m_axi_gmem1_ARVALID",
        "m_axi_gmem1_AWADDR",
        "m_axi_gmem1_AWBURST",
        "m_axi_gmem1_AWCACHE",
        "m_axi_gmem1_AWID",
        "m_axi_gmem1_AWLEN",
        "m_axi_gmem1_AWLOCK",
        "m_axi_gmem1_AWPROT",
        "m_axi_gmem1_AWQOS",
        "m_axi_gmem1_AWREADY",
        "m_axi_gmem1_AWREGION",
        "m_axi_gmem1_AWSIZE",
        "m_axi_gmem1_AWUSER",
        "m_axi_gmem1_AWVALID",
        "m_axi_gmem1_BID",
        "m_axi_gmem1_BREADY",
        "m_axi_gmem1_BRESP",
        "m_axi_gmem1_BUSER",
        "m_axi_gmem1_BVALID",
        "m_axi_gmem1_RDATA",
        "m_axi_gmem1_RID",
        "m_axi_gmem1_RLAST",
        "m_axi_gmem1_RREADY",
        "m_axi_gmem1_RRESP",
        "m_axi_gmem1_RUSER",
        "m_axi_gmem1_RVALID",
        "m_axi_gmem1_WDATA",
        "m_axi_gmem1_WID",
        "m_axi_gmem1_WLAST",
        "m_axi_gmem1_WREADY",
        "m_axi_gmem1_WSTRB",
        "m_axi_gmem1_WUSER",
        "m_axi_gmem1_WVALID"
      ],
      "constraints": [
        {
          "constraint_type": "pragma interface",
          "mode": "m_axi",
          "register_option": "0",
          "offset": "slave",
          "latency": "0",
          "num_read_outstanding": "16",
          "num_write_outstanding": "16",
          "max_read_burst_length": "16",
          "max_write_burst_length": "16",
          "max_widen_bitwidth": "0",
          "argName": "filter"
        },
        {
          "constraint_type": "bitwidth",
          "orig_bitwidth": "32",
          "final_bitwidth": "32",
          "argName": "filter"
        }
      ]
    }
  },
  "RtlPorts": {
    "s_axi_BUS_A_AWVALID": {
      "dir": "in",
      "width": "1"
    },
    "s_axi_BUS_A_AWREADY": {
      "dir": "out",
      "width": "1"
    },
    "s_axi_BUS_A_AWADDR": {
      "dir": "in",
      "width": "4"
    },
    "s_axi_BUS_A_WVALID": {
      "dir": "in",
      "width": "1"
    },
    "s_axi_BUS_A_WREADY": {
      "dir": "out",
      "width": "1"
    },
    "s_axi_BUS_A_WDATA": {
      "dir": "in",
      "width": "32"
    },
    "s_axi_BUS_A_WSTRB": {
      "dir": "in",
      "width": "4"
    },
    "s_axi_BUS_A_ARVALID": {
      "dir": "in",
      "width": "1"
    },
    "s_axi_BUS_A_ARREADY": {
      "dir": "out",
      "width": "1"
    },
    "s_axi_BUS_A_ARADDR": {
      "dir": "in",
      "width": "4"
    },
    "s_axi_BUS_A_RVALID": {
      "dir": "out",
      "width": "1"
    },
    "s_axi_BUS_A_RREADY": {
      "dir": "in",
      "width": "1"
    },
    "s_axi_BUS_A_RDATA": {
      "dir": "out",
      "width": "32"
    },
    "s_axi_BUS_A_RRESP": {
      "dir": "out",
      "width": "2"
    },
    "s_axi_BUS_A_BVALID": {
      "dir": "out",
      "width": "1"
    },
    "s_axi_BUS_A_BREADY": {
      "dir": "in",
      "width": "1"
    },
    "s_axi_BUS_A_BRESP": {
      "dir": "out",
      "width": "2"
    },
    "s_axi_control_AWVALID": {
      "dir": "in",
      "width": "1"
    },
    "s_axi_control_AWREADY": {
      "dir": "out",
      "width": "1"
    },
    "s_axi_control_AWADDR": {
      "dir": "in",
      "width": "6"
    },
    "s_axi_control_WVALID": {
      "dir": "in",
      "width": "1"
    },
    "s_axi_control_WREADY": {
      "dir": "out",
      "width": "1"
    },
    "s_axi_control_WDATA": {
      "dir": "in",
      "width": "32"
    },
    "s_axi_control_WSTRB": {
      "dir": "in",
      "width": "4"
    },
    "s_axi_control_ARVALID": {
      "dir": "in",
      "width": "1"
    },
    "s_axi_control_ARREADY": {
      "dir": "out",
      "width": "1"
    },
    "s_axi_control_ARADDR": {
      "dir": "in",
      "width": "6"
    },
    "s_axi_control_RVALID": {
      "dir": "out",
      "width": "1"
    },
    "s_axi_control_RREADY": {
      "dir": "in",
      "width": "1"
    },
    "s_axi_control_RDATA": {
      "dir": "out",
      "width": "32"
    },
    "s_axi_control_RRESP": {
      "dir": "out",
      "width": "2"
    },
    "s_axi_control_BVALID": {
      "dir": "out",
      "width": "1"
    },
    "s_axi_control_BREADY": {
      "dir": "in",
      "width": "1"
    },
    "s_axi_control_BRESP": {
      "dir": "out",
      "width": "2"
    },
    "ap_local_block": {
      "dir": "out",
      "width": "1",
      "isVector": "true"
    },
    "ap_clk": {
      "dir": "in",
      "width": "1"
    },
    "ap_rst_n": {
      "dir": "in",
      "width": "1"
    },
    "interrupt": {
      "dir": "out",
      "width": "1"
    },
    "m_axi_gmem0_AWVALID": {
      "dir": "out",
      "width": "1"
    },
    "m_axi_gmem0_AWREADY": {
      "dir": "in",
      "width": "1"
    },
    "m_axi_gmem0_AWADDR": {
      "dir": "out",
      "width": "64"
    },
    "m_axi_gmem0_AWID": {
      "dir": "out",
      "width": "1",
      "isVector": "true"
    },
    "m_axi_gmem0_AWLEN": {
      "dir": "out",
      "width": "8"
    },
    "m_axi_gmem0_AWSIZE": {
      "dir": "out",
      "width": "3"
    },
    "m_axi_gmem0_AWBURST": {
      "dir": "out",
      "width": "2"
    },
    "m_axi_gmem0_AWLOCK": {
      "dir": "out",
      "width": "2"
    },
    "m_axi_gmem0_AWCACHE": {
      "dir": "out",
      "width": "4"
    },
    "m_axi_gmem0_AWPROT": {
      "dir": "out",
      "width": "3"
    },
    "m_axi_gmem0_AWQOS": {
      "dir": "out",
      "width": "4"
    },
    "m_axi_gmem0_AWREGION": {
      "dir": "out",
      "width": "4"
    },
    "m_axi_gmem0_AWUSER": {
      "dir": "out",
      "width": "1",
      "isVector": "true"
    },
    "m_axi_gmem0_WVALID": {
      "dir": "out",
      "width": "1"
    },
    "m_axi_gmem0_WREADY": {
      "dir": "in",
      "width": "1"
    },
    "m_axi_gmem0_WDATA": {
      "dir": "out",
      "width": "32"
    },
    "m_axi_gmem0_WSTRB": {
      "dir": "out",
      "width": "4"
    },
    "m_axi_gmem0_WLAST": {
      "dir": "out",
      "width": "1"
    },
    "m_axi_gmem0_WID": {
      "dir": "out",
      "width": "1",
      "isVector": "true"
    },
    "m_axi_gmem0_WUSER": {
      "dir": "out",
      "width": "1",
      "isVector": "true"
    },
    "m_axi_gmem0_ARVALID": {
      "dir": "out",
      "width": "1"
    },
    "m_axi_gmem0_ARREADY": {
      "dir": "in",
      "width": "1"
    },
    "m_axi_gmem0_ARADDR": {
      "dir": "out",
      "width": "64"
    },
    "m_axi_gmem0_ARID": {
      "dir": "out",
      "width": "1",
      "isVector": "true"
    },
    "m_axi_gmem0_ARLEN": {
      "dir": "out",
      "width": "8"
    },
    "m_axi_gmem0_ARSIZE": {
      "dir": "out",
      "width": "3"
    },
    "m_axi_gmem0_ARBURST": {
      "dir": "out",
      "width": "2"
    },
    "m_axi_gmem0_ARLOCK": {
      "dir": "out",
      "width": "2"
    },
    "m_axi_gmem0_ARCACHE": {
      "dir": "out",
      "width": "4"
    },
    "m_axi_gmem0_ARPROT": {
      "dir": "out",
      "width": "3"
    },
    "m_axi_gmem0_ARQOS": {
      "dir": "out",
      "width": "4"
    },
    "m_axi_gmem0_ARREGION": {
      "dir": "out",
      "width": "4"
    },
    "m_axi_gmem0_ARUSER": {
      "dir": "out",
      "width": "1",
      "isVector": "true"
    },
    "m_axi_gmem0_RVALID": {
      "dir": "in",
      "width": "1"
    },
    "m_axi_gmem0_RREADY": {
      "dir": "out",
      "width": "1"
    },
    "m_axi_gmem0_RDATA": {
      "dir": "in",
      "width": "32"
    },
    "m_axi_gmem0_RLAST": {
      "dir": "in",
      "width": "1"
    },
    "m_axi_gmem0_RID": {
      "dir": "in",
      "width": "1",
      "isVector": "true"
    },
    "m_axi_gmem0_RUSER": {
      "dir": "in",
      "width": "1",
      "isVector": "true"
    },
    "m_axi_gmem0_RRESP": {
      "dir": "in",
      "width": "2"
    },
    "m_axi_gmem0_BVALID": {
      "dir": "in",
      "width": "1"
    },
    "m_axi_gmem0_BREADY": {
      "dir": "out",
      "width": "1"
    },
    "m_axi_gmem0_BRESP": {
      "dir": "in",
      "width": "2"
    },
    "m_axi_gmem0_BID": {
      "dir": "in",
      "width": "1",
      "isVector": "true"
    },
    "m_axi_gmem0_BUSER": {
      "dir": "in",
      "width": "1",
      "isVector": "true"
    },
    "m_axi_gmem1_AWVALID": {
      "dir": "out",
      "width": "1"
    },
    "m_axi_gmem1_AWREADY": {
      "dir": "in",
      "width": "1"
    },
    "m_axi_gmem1_AWADDR": {
      "dir": "out",
      "width": "64"
    },
    "m_axi_gmem1_AWID": {
      "dir": "out",
      "width": "1",
      "isVector": "true"
    },
    "m_axi_gmem1_AWLEN": {
      "dir": "out",
      "width": "8"
    },
    "m_axi_gmem1_AWSIZE": {
      "dir": "out",
      "width": "3"
    },
    "m_axi_gmem1_AWBURST": {
      "dir": "out",
      "width": "2"
    },
    "m_axi_gmem1_AWLOCK": {
      "dir": "out",
      "width": "2"
    },
    "m_axi_gmem1_AWCACHE": {
      "dir": "out",
      "width": "4"
    },
    "m_axi_gmem1_AWPROT": {
      "dir": "out",
      "width": "3"
    },
    "m_axi_gmem1_AWQOS": {
      "dir": "out",
      "width": "4"
    },
    "m_axi_gmem1_AWREGION": {
      "dir": "out",
      "width": "4"
    },
    "m_axi_gmem1_AWUSER": {
      "dir": "out",
      "width": "1",
      "isVector": "true"
    },
    "m_axi_gmem1_WVALID": {
      "dir": "out",
      "width": "1"
    },
    "m_axi_gmem1_WREADY": {
      "dir": "in",
      "width": "1"
    },
    "m_axi_gmem1_WDATA": {
      "dir": "out",
      "width": "32"
    },
    "m_axi_gmem1_WSTRB": {
      "dir": "out",
      "width": "4"
    },
    "m_axi_gmem1_WLAST": {
      "dir": "out",
      "width": "1"
    },
    "m_axi_gmem1_WID": {
      "dir": "out",
      "width": "1",
      "isVector": "true"
    },
    "m_axi_gmem1_WUSER": {
      "dir": "out",
      "width": "1",
      "isVector": "true"
    },
    "m_axi_gmem1_ARVALID": {
      "dir": "out",
      "width": "1"
    },
    "m_axi_gmem1_ARREADY": {
      "dir": "in",
      "width": "1"
    },
    "m_axi_gmem1_ARADDR": {
      "dir": "out",
      "width": "64"
    },
    "m_axi_gmem1_ARID": {
      "dir": "out",
      "width": "1",
      "isVector": "true"
    },
    "m_axi_gmem1_ARLEN": {
      "dir": "out",
      "width": "8"
    },
    "m_axi_gmem1_ARSIZE": {
      "dir": "out",
      "width": "3"
    },
    "m_axi_gmem1_ARBURST": {
      "dir": "out",
      "width": "2"
    },
    "m_axi_gmem1_ARLOCK": {
      "dir": "out",
      "width": "2"
    },
    "m_axi_gmem1_ARCACHE": {
      "dir": "out",
      "width": "4"
    },
    "m_axi_gmem1_ARPROT": {
      "dir": "out",
      "width": "3"
    },
    "m_axi_gmem1_ARQOS": {
      "dir": "out",
      "width": "4"
    },
    "m_axi_gmem1_ARREGION": {
      "dir": "out",
      "width": "4"
    },
    "m_axi_gmem1_ARUSER": {
      "dir": "out",
      "width": "1",
      "isVector": "true"
    },
    "m_axi_gmem1_RVALID": {
      "dir": "in",
      "width": "1"
    },
    "m_axi_gmem1_RREADY": {
      "dir": "out",
      "width": "1"
    },
    "m_axi_gmem1_RDATA": {
      "dir": "in",
      "width": "32"
    },
    "m_axi_gmem1_RLAST": {
      "dir": "in",
      "width": "1"
    },
    "m_axi_gmem1_RID": {
      "dir": "in",
      "width": "1",
      "isVector": "true"
    },
    "m_axi_gmem1_RUSER": {
      "dir": "in",
      "width": "1",
      "isVector": "true"
    },
    "m_axi_gmem1_RRESP": {
      "dir": "in",
      "width": "2"
    },
    "m_axi_gmem1_BVALID": {
      "dir": "in",
      "width": "1"
    },
    "m_axi_gmem1_BREADY": {
      "dir": "out",
      "width": "1"
    },
    "m_axi_gmem1_BRESP": {
      "dir": "in",
      "width": "2"
    },
    "m_axi_gmem1_BID": {
      "dir": "in",
      "width": "1",
      "isVector": "true"
    },
    "m_axi_gmem1_BUSER": {
      "dir": "in",
      "width": "1",
      "isVector": "true"
    }
  },
  "ModuleInfo": {
    "Hierarchy": {
      "ModuleName": "fpga417_fir",
      "Instances": [
        {
          "ModuleName": "fpga417_fir_Pipeline_1",
          "InstanceName": "grp_fpga417_fir_Pipeline_1_fu_109"
        },
        {
          "ModuleName": "fpga417_fir_Pipeline_VITIS_LOOP_11_1",
          "InstanceName": "grp_fpga417_fir_Pipeline_VITIS_LOOP_11_1_fu_115"
        },
        {
          "ModuleName": "fpga417_fir_Pipeline_VITIS_LOOP_15_2",
          "InstanceName": "grp_fpga417_fir_Pipeline_VITIS_LOOP_15_2_fu_123"
        }
      ]
    },
    "Info": {
      "fpga417_fir_Pipeline_1": {
        "FunctionProtocol": "ap_ctrl_hs",
        "isTaskLevelControl": "0",
        "isPipelined": "1",
        "isCombinational": "0",
        "isOneStateSeq": "0"
      },
      "fpga417_fir_Pipeline_VITIS_LOOP_11_1": {
        "FunctionProtocol": "ap_ctrl_hs",
        "isTaskLevelControl": "0",
        "isPipelined": "1",
        "isCombinational": "0",
        "isOneStateSeq": "0"
      },
      "fpga417_fir_Pipeline_VITIS_LOOP_15_2": {
        "FunctionProtocol": "ap_ctrl_hs",
        "isTaskLevelControl": "0",
        "isPipelined": "1",
        "isCombinational": "0",
        "isOneStateSeq": "0"
      },
      "fpga417_fir": {
        "FunctionProtocol": "ap_ctrl_hs",
        "isTaskLevelControl": "0",
        "isPipelined": "0",
        "isCombinational": "0",
        "isOneStateSeq": "0"
      }
    },
    "Metrics": {
      "fpga417_fir_Pipeline_1": {
        "Latency": {
          "LatencyBest": "12",
          "LatencyAvg": "12",
          "LatencyWorst": "12",
          "PipelineII": "12",
          "PipelineDepth": "",
          "PipelineType": "no"
        },
        "Timing": {
          "Target": "10.00",
          "Uncertainty": "2.70",
          "Estimate": "3.624"
        },
        "Loops": [{
            "Name": "Loop 1",
            "TripCount": "10",
            "Latency": "10",
            "PipelineII": "1",
            "PipelineDepth": "1"
          }],
        "Area": {
          "FF": "6",
          "AVAIL_FF": "35200",
          "UTIL_FF": "~0",
          "LUT": "49",
          "AVAIL_LUT": "17600",
          "UTIL_LUT": "~0",
          "BRAM_18K": "0",
          "AVAIL_BRAM": "120",
          "UTIL_BRAM": "0",
          "DSP": "0",
          "AVAIL_DSP": "80",
          "UTIL_DSP": "0",
          "URAM": "0",
          "AVAIL_URAM": "0",
          "UTIL_URAM": "0"
        }
      },
      "fpga417_fir_Pipeline_VITIS_LOOP_11_1": {
        "Latency": {
          "LatencyBest": "11",
          "LatencyAvg": "11",
          "LatencyWorst": "11",
          "PipelineII": "11",
          "PipelineDepth": "",
          "PipelineType": "no"
        },
        "Timing": {
          "Target": "10.00",
          "Uncertainty": "2.70",
          "Estimate": "7.300"
        },
        "Loops": [{
            "Name": "VITIS_LOOP_11_1",
            "TripCount": "8",
            "Latency": "9",
            "PipelineII": "1",
            "PipelineDepth": "3"
          }],
        "Area": {
          "FF": "50",
          "AVAIL_FF": "35200",
          "UTIL_FF": "~0",
          "LUT": "73",
          "AVAIL_LUT": "17600",
          "UTIL_LUT": "~0",
          "BRAM_18K": "0",
          "AVAIL_BRAM": "120",
          "UTIL_BRAM": "0",
          "DSP": "0",
          "AVAIL_DSP": "80",
          "UTIL_DSP": "0",
          "URAM": "0",
          "AVAIL_URAM": "0",
          "UTIL_URAM": "0"
        }
      },
      "fpga417_fir_Pipeline_VITIS_LOOP_15_2": {
        "Latency": {
          "LatencyBest": "14",
          "LatencyAvg": "14",
          "LatencyWorst": "14",
          "PipelineII": "14",
          "PipelineDepth": "",
          "PipelineType": "no"
        },
        "Timing": {
          "Target": "10.00",
          "Uncertainty": "2.70",
          "Estimate": "7.300"
        },
        "Loops": [{
            "Name": "VITIS_LOOP_15_2",
            "TripCount": "8",
            "Latency": "12",
            "PipelineII": "1",
            "PipelineDepth": "6"
          }],
        "Area": {
          "DSP": "9",
          "AVAIL_DSP": "80",
          "UTIL_DSP": "11",
          "FF": "799",
          "AVAIL_FF": "35200",
          "UTIL_FF": "2",
          "LUT": "343",
          "AVAIL_LUT": "17600",
          "UTIL_LUT": "1",
          "BRAM_18K": "0",
          "AVAIL_BRAM": "120",
          "UTIL_BRAM": "0",
          "URAM": "0",
          "AVAIL_URAM": "0",
          "UTIL_URAM": "0"
        }
      },
      "fpga417_fir": {
        "Latency": {
          "LatencyBest": "54",
          "LatencyAvg": "54",
          "LatencyWorst": "54",
          "PipelineII": "55",
          "PipelineDepth": "",
          "PipelineType": "no"
        },
        "Timing": {
          "Target": "10.00",
          "Uncertainty": "2.70",
          "Estimate": "7.300"
        },
        "Area": {
          "BRAM_18K": "8",
          "AVAIL_BRAM": "120",
          "UTIL_BRAM": "6",
          "DSP": "9",
          "AVAIL_DSP": "80",
          "UTIL_DSP": "11",
          "FF": "2943",
          "AVAIL_FF": "35200",
          "UTIL_FF": "8",
          "LUT": "2472",
          "AVAIL_LUT": "17600",
          "UTIL_LUT": "14",
          "URAM": "0",
          "AVAIL_URAM": "0",
          "UTIL_URAM": "0"
        }
      }
    }
  },
  "GenerateBdFiles": "0",
  "GenData": {
    "DataVersion": "0.2",
    "Time": "2025-04-02 16:08:51 -0400",
    "ToolName": "vitis_hls",
    "ToolVersion": "2021.2"
  }
}
