{
  "version": "2022.2",
  "applications": [],
  "platforms": [
    {
      "name": "design_1_wrapper_1"
    }
  ],
  "systems": [
    {
      "name": "Lab4_system",
      "platform": "C:/Users/tec31/workspace/design_1_wrapper_1/export/design_1_wrapper_1/design_1_wrapper_1.xpfm",
      "sysConfig": "design_1_wrapper_1",
      "buildConfig": "Debug",
      "applications": [
        {
          "name": "Lab4",
          "platform": "C:/Users/tec31/workspace/design_1_wrapper_1/export/design_1_wrapper_1/design_1_wrapper_1.xpfm",
          "platformPath": "C:\\Users\\tec31\\workspace\\design_1_wrapper_1\\export\\design_1_wrapper_1",
          "sysConfig": "design_1_wrapper_1",
          "domain": "standalone_ps7_cortexa9_0",
          "system": "Lab4_system"
        }
      ],
      "platformPath": "C:\\Users\\tec31\\workspace\\design_1_wrapper_1\\export\\design_1_wrapper_1"
    }
  ],
  "others": []
}