<?xml version="1.0" encoding="UTF-8"?>
<project>
  <core name="" type="" target="">
    <kernel name="fpga417_fir" language="c" vlnv="xilinx.com:hls:fpga417_fir:1.0" attributes="" hash="" preferredWorkGroupSizeMultiple="0" workGroupSize="1" debug="false" interrupt="true">
      <port name="S_AXI_BUS_A" mode="slave" range="0x1000" portType="addressable" base="0x00000000"/>
      <port name="S_AXI_CONTROL" mode="slave" range="0x1000" dataWidth="64" portType="addressable" base="0x00000000"/>
      <port name="M_AXI_GMEM0" mode="master" range="0xFFFFFFFF" dataWidth="-1" portType="addressable" base="0x00000000"/>
      <port name="M_AXI_GMEM1" mode="master" range="0xFFFFFFFF" dataWidth="-1" portType="addressable" base="0x00000000"/>
      <arg name="ap_local_deadlock" addressQualifier="0" id="0" port="S_AXI_BUS_A" size="0x4" offset="0x0" hostOffset="0x0" hostSize="0x4" type=""/>
      <arg name="data" addressQualifier="1" id="1" port="M_AXI_GMEM0" size="0x4" offset="0x10" hostOffset="0x0" hostSize="0x4" type=""/>
      <arg name="filter" addressQualifier="1" id="2" port="M_AXI_GMEM1" size="0x4" offset="0x1C" hostOffset="0x0" hostSize="0x4" type=""/>
      <compileWorkGroupSize x="1" y="1" z="1"/>
    </kernel>
  </core>
</project>
