<?xml version="1.0" encoding="UTF-8"?>
<vivadoHLSLog:LogRoot xmlns:vivadoHLSLog="www.xilinx.com/vivadoHLSLog">
  <errorLogs>
    <logs>
      <synLog/>
      <simLog/>
      <mgLog/>
      <packageLog>
        <logs message="ERROR: [IMPL 213-28] Failed to generate IP." projectName="Lab4" solutionName="solution1" date="2025-04-02T16:09:00.253-0400"/>
        <logs message="ERROR: '2504021608' is an invalid argument. Please specify an integer value.&#xD;&#xD;&#xA;    while executing&#xD;&#xD;&#xA;&quot;rdi::set_property core_revision 2504021608 {component component_1}&quot;&#xD;&#xD;&#xA;    invoked from within&#xD;&#xD;&#xA;&quot;set_property core_revision $Revision $core&quot;&#xD;&#xD;&#xA;    (file &quot;run_ippack.tcl&quot; line 1434)&#xD;" projectName="Lab4" solutionName="solution1" date="2025-04-02T16:09:00.232-0400"/>
      </packageLog>
      <csimLog/>
    </logs>
  </errorLogs>
  <warningLogs>
    <logs>
      <synLog>
        <logs message="WARNING: [RTGEN 206-101] Design contains AXI ports. Reset is fixed to synchronous and active low." projectName="Lab4" solutionName="solution1" date="2025-04-02T16:07:58.024-0400" type="Warning"/>
        <logs message="WARNING: [RTGEN 206-101] Setting dangling out port 'fpga417_fir_Pipeline_VITIS_LOOP_15_2/m_axi_gmem0_BREADY' to 0." projectName="Lab4" solutionName="solution1" date="2025-04-02T16:07:57.768-0400" type="Warning"/>
        <logs message="WARNING: [RTGEN 206-101] Setting dangling out port 'fpga417_fir_Pipeline_VITIS_LOOP_15_2/m_axi_gmem0_AWUSER' to 0." projectName="Lab4" solutionName="solution1" date="2025-04-02T16:07:57.750-0400" type="Warning"/>
        <logs message="WARNING: [RTGEN 206-101] Setting dangling out port 'fpga417_fir_Pipeline_VITIS_LOOP_15_2/m_axi_gmem0_AWREGION' to 0." projectName="Lab4" solutionName="solution1" date="2025-04-02T16:07:57.733-0400" type="Warning"/>
        <logs message="WARNING: [RTGEN 206-101] Setting dangling out port 'fpga417_fir_Pipeline_VITIS_LOOP_15_2/m_axi_gmem0_AWQOS' to 0." projectName="Lab4" solutionName="solution1" date="2025-04-02T16:07:57.712-0400" type="Warning"/>
        <logs message="WARNING: [RTGEN 206-101] Setting dangling out port 'fpga417_fir_Pipeline_VITIS_LOOP_15_2/m_axi_gmem0_AWPROT' to 0." projectName="Lab4" solutionName="solution1" date="2025-04-02T16:07:57.692-0400" type="Warning"/>
        <logs message="WARNING: [RTGEN 206-101] Setting dangling out port 'fpga417_fir_Pipeline_VITIS_LOOP_15_2/m_axi_gmem0_AWCACHE' to 0." projectName="Lab4" solutionName="solution1" date="2025-04-02T16:07:57.682-0400" type="Warning"/>
        <logs message="WARNING: [RTGEN 206-101] Setting dangling out port 'fpga417_fir_Pipeline_VITIS_LOOP_15_2/m_axi_gmem0_AWLOCK' to 0." projectName="Lab4" solutionName="solution1" date="2025-04-02T16:07:57.668-0400" type="Warning"/>
        <logs message="WARNING: [RTGEN 206-101] Setting dangling out port 'fpga417_fir_Pipeline_VITIS_LOOP_15_2/m_axi_gmem0_AWBURST' to 0." projectName="Lab4" solutionName="solution1" date="2025-04-02T16:07:57.638-0400" type="Warning"/>
        <logs message="WARNING: [RTGEN 206-101] Setting dangling out port 'fpga417_fir_Pipeline_VITIS_LOOP_15_2/m_axi_gmem0_AWSIZE' to 0." projectName="Lab4" solutionName="solution1" date="2025-04-02T16:07:57.628-0400" type="Warning"/>
        <logs message="WARNING: [RTGEN 206-101] Setting dangling out port 'fpga417_fir_Pipeline_VITIS_LOOP_15_2/m_axi_gmem0_AWLEN' to 0." projectName="Lab4" solutionName="solution1" date="2025-04-02T16:07:57.611-0400" type="Warning"/>
        <logs message="WARNING: [RTGEN 206-101] Setting dangling out port 'fpga417_fir_Pipeline_VITIS_LOOP_15_2/m_axi_gmem0_AWID' to 0." projectName="Lab4" solutionName="solution1" date="2025-04-02T16:07:57.587-0400" type="Warning"/>
        <logs message="WARNING: [RTGEN 206-101] Setting dangling out port 'fpga417_fir_Pipeline_VITIS_LOOP_15_2/m_axi_gmem0_AWADDR' to 0." projectName="Lab4" solutionName="solution1" date="2025-04-02T16:07:57.566-0400" type="Warning"/>
        <logs message="WARNING: [RTGEN 206-101] Setting dangling out port 'fpga417_fir_Pipeline_VITIS_LOOP_15_2/m_axi_gmem0_AWVALID' to 0." projectName="Lab4" solutionName="solution1" date="2025-04-02T16:07:57.546-0400" type="Warning"/>
        <logs message="WARNING: [RTGEN 206-101] Setting dangling out port 'fpga417_fir_Pipeline_VITIS_LOOP_11_1/m_axi_gmem0_ARUSER' to 0." projectName="Lab4" solutionName="solution1" date="2025-04-02T16:07:57.370-0400" type="Warning"/>
        <logs message="WARNING: [RTGEN 206-101] Setting dangling out port 'fpga417_fir_Pipeline_VITIS_LOOP_11_1/m_axi_gmem0_ARREGION' to 0." projectName="Lab4" solutionName="solution1" date="2025-04-02T16:07:57.355-0400" type="Warning"/>
        <logs message="WARNING: [RTGEN 206-101] Setting dangling out port 'fpga417_fir_Pipeline_VITIS_LOOP_11_1/m_axi_gmem0_ARQOS' to 0." projectName="Lab4" solutionName="solution1" date="2025-04-02T16:07:57.342-0400" type="Warning"/>
        <logs message="WARNING: [RTGEN 206-101] Setting dangling out port 'fpga417_fir_Pipeline_VITIS_LOOP_11_1/m_axi_gmem0_ARPROT' to 0." projectName="Lab4" solutionName="solution1" date="2025-04-02T16:07:57.324-0400" type="Warning"/>
        <logs message="WARNING: [RTGEN 206-101] Setting dangling out port 'fpga417_fir_Pipeline_VITIS_LOOP_11_1/m_axi_gmem0_ARCACHE' to 0." projectName="Lab4" solutionName="solution1" date="2025-04-02T16:07:57.303-0400" type="Warning"/>
        <logs message="WARNING: [RTGEN 206-101] Setting dangling out port 'fpga417_fir_Pipeline_VITIS_LOOP_11_1/m_axi_gmem0_ARLOCK' to 0." projectName="Lab4" solutionName="solution1" date="2025-04-02T16:07:57.290-0400" type="Warning"/>
        <logs message="WARNING: [RTGEN 206-101] Setting dangling out port 'fpga417_fir_Pipeline_VITIS_LOOP_11_1/m_axi_gmem0_ARBURST' to 0." projectName="Lab4" solutionName="solution1" date="2025-04-02T16:07:57.278-0400" type="Warning"/>
        <logs message="WARNING: [RTGEN 206-101] Setting dangling out port 'fpga417_fir_Pipeline_VITIS_LOOP_11_1/m_axi_gmem0_ARSIZE' to 0." projectName="Lab4" solutionName="solution1" date="2025-04-02T16:07:57.260-0400" type="Warning"/>
        <logs message="WARNING: [RTGEN 206-101] Setting dangling out port 'fpga417_fir_Pipeline_VITIS_LOOP_11_1/m_axi_gmem0_ARLEN' to 0." projectName="Lab4" solutionName="solution1" date="2025-04-02T16:07:57.249-0400" type="Warning"/>
        <logs message="WARNING: [RTGEN 206-101] Setting dangling out port 'fpga417_fir_Pipeline_VITIS_LOOP_11_1/m_axi_gmem0_ARID' to 0." projectName="Lab4" solutionName="solution1" date="2025-04-02T16:07:57.234-0400" type="Warning"/>
        <logs message="WARNING: [RTGEN 206-101] Setting dangling out port 'fpga417_fir_Pipeline_VITIS_LOOP_11_1/m_axi_gmem0_ARADDR' to 0." projectName="Lab4" solutionName="solution1" date="2025-04-02T16:07:57.211-0400" type="Warning"/>
        <logs message="WARNING: [RTGEN 206-101] Setting dangling out port 'fpga417_fir_Pipeline_VITIS_LOOP_11_1/m_axi_gmem0_ARVALID' to 0." projectName="Lab4" solutionName="solution1" date="2025-04-02T16:07:57.200-0400" type="Warning"/>
      </synLog>
      <simLog/>
      <mgLog/>
      <packageLog/>
      <csimLog/>
    </logs>
  </warningLogs>
</vivadoHLSLog:LogRoot>
